/*
 Navicat Premium Dump SQL

 Source Server         : crazy
 Source Server Type    : MySQL
 Source Server Version : 80043 (8.0.43)
 Source Host           : localhost:3306
 Source Schema         : le_campuscollaboration

 Target Server Type    : MySQL
 Target Server Version : 80043 (8.0.43)
 File Encoding         : 65001

 Date: 13/04/2026 17:00:27
*/

SET NAMES utf8mb4;
SET FOREIGN_KEY_CHECKS = 0;

-- ----------------------------
-- Table structure for campus_leave_apply
-- ----------------------------
DROP TABLE IF EXISTS `campus_leave_apply`;
CREATE TABLE `campus_leave_apply`  (
  `leave_id` bigint NOT NULL AUTO_INCREMENT COMMENT 'иҜ·еҒҮID',
  `applicant_user_id` bigint NOT NULL COMMENT 'з”іиҜ·дәәID',
  `approver_user_id` bigint NULL DEFAULT NULL COMMENT 'е®Ўжү№ж•ҷеёҲID',
  `leave_type` char(1) CHARACTER SET utf8mb4 COLLATE utf8mb4_unicode_ci NOT NULL COMMENT 'иҜ·еҒҮзұ»еһӢпјҲ1дәӢеҒҮ 2з—…еҒҮ 3е…¶д»–пјү',
  `leave_title` varchar(120) CHARACTER SET utf8mb4 COLLATE utf8mb4_unicode_ci NULL DEFAULT '' COMMENT 'иҜ·еҒҮж Үйўҳ',
  `leave_reason` varchar(500) CHARACTER SET utf8mb4 COLLATE utf8mb4_unicode_ci NOT NULL COMMENT 'иҜ·еҒҮеҺҹеӣ ',
  `start_time` datetime NOT NULL COMMENT 'ејҖе§Ӣж—¶й—ҙ',
  `end_time` datetime NOT NULL COMMENT 'з»“жқҹж—¶й—ҙ',
  `leave_days` decimal(5, 1) NOT NULL DEFAULT 1.0 COMMENT 'иҜ·еҒҮеӨ©ж•°',
  `leave_status` char(1) CHARACTER SET utf8mb4 COLLATE utf8mb4_unicode_ci NOT NULL DEFAULT '0' COMMENT 'е®Ўжү№зҠ¶жҖҒпјҲ0еҫ…е®Ўжү№ 1е·Іжү№еҮҶ 2е·Ій©іеӣһ 3е·Іж’Өеӣһпјү',
  `contact_phone` varchar(11) CHARACTER SET utf8mb4 COLLATE utf8mb4_unicode_ci NULL DEFAULT '' COMMENT 'иҒ”зі»з”өиҜқ',
  `audit_remark` varchar(500) CHARACTER SET utf8mb4 COLLATE utf8mb4_unicode_ci NULL DEFAULT '' COMMENT 'е®Ўжү№ж„Ҹи§Ғ',
  `audit_time` datetime NULL DEFAULT NULL COMMENT 'е®Ўжү№ж—¶й—ҙ',
  `revoke_time` datetime NULL DEFAULT NULL COMMENT 'ж’Өеӣһж—¶й—ҙ',
  `create_by` varchar(64) CHARACTER SET utf8mb4 COLLATE utf8mb4_unicode_ci NULL DEFAULT '' COMMENT 'еҲӣе»әиҖ…',
  `create_time` datetime NULL DEFAULT NULL COMMENT 'еҲӣе»әж—¶й—ҙ',
  `update_by` varchar(64) CHARACTER SET utf8mb4 COLLATE utf8mb4_unicode_ci NULL DEFAULT '' COMMENT 'жӣҙж–°иҖ…',
  `update_time` datetime NULL DEFAULT NULL COMMENT 'жӣҙж–°ж—¶й—ҙ',
  `remark` varchar(500) CHARACTER SET utf8mb4 COLLATE utf8mb4_unicode_ci NULL DEFAULT NULL COMMENT 'еӨҮжіЁ',
  `del_flag` char(1) CHARACTER SET utf8mb4 COLLATE utf8mb4_unicode_ci NOT NULL DEFAULT '0' COMMENT 'еҲ йҷӨж Үеҝ—пјҲ0еӯҳеңЁ 2еҲ йҷӨпјү',
  PRIMARY KEY (`leave_id`) USING BTREE,
  INDEX `idx_leave_applicant`(`applicant_user_id` ASC) USING BTREE,
  INDEX `idx_leave_approver`(`approver_user_id` ASC) USING BTREE,
  INDEX `idx_leave_status`(`leave_status` ASC) USING BTREE
) ENGINE = InnoDB AUTO_INCREMENT = 103 CHARACTER SET = utf8mb4 COLLATE = utf8mb4_unicode_ci COMMENT = 'ж ЎеӣӯиҜ·еҒҮз”іиҜ·иЎЁ' ROW_FORMAT = Dynamic;

-- ----------------------------
-- Records of campus_leave_apply
-- ----------------------------
INSERT INTO `campus_leave_apply` VALUES (1, 2, 1, '1', 'иҝ”ж ЎдәӨйҖҡиҜ·еҒҮ', 'е‘Ёжң«иҝ”ж ЎиҪҰж¬Ўе»¶иҜҜпјҢйңҖиҰҒйЎәе»¶дёҖеӨ©иҝ”ж Ўе№¶иЎҘеҒҡиҜҫзЁӢд»»еҠЎгҖӮ', '2026-04-12 08:00:00', '2026-04-12 18:00:00', 1.0, '1', '13800138002', 'Н¬пҝҪпҝҪ', '2026-04-12 23:44:58', NULL, 'student01', '2026-04-11 09:10:00', 'admin', '2026-04-12 23:44:58', 'зӯүеҫ…ж•ҷеёҲе®Ўжү№', '2');
INSERT INTO `campus_leave_apply` VALUES (2, 2, 3, '2', 'ж„ҹеҶ’е°ұиҜҠиҜ·еҒҮ', 'дёҠеҚҲеҸ‘зғӯеҺ»ж ЎеҢ»йҷўе°ұиҜҠпјҢйңҖиҰҒиҜ·еҒҮеҚҠеӨ©гҖӮ', '2026-04-02 08:30:00', '2026-04-02 12:00:00', 0.5, '1', '13800138002', 'жіЁж„Ҹдј‘жҒҜпјҢдёӢеҚҲиҝ”зҸӯеҗҺиЎҘдәӨиҜҫзЁӢи®°еҪ•гҖӮ', '2026-04-02 09:00:00', NULL, 'student01', '2026-04-02 08:10:00', 'teacher01', '2026-04-02 09:00:00', 'е·Іе®Ўжү№йҖҡиҝҮ', '0');
INSERT INTO `campus_leave_apply` VALUES (3, 2, 3, '3', 'з«һиөӣйӣҶи®ӯиҜ·еҒҮ', 'йңҖеҸӮеҠ ж Ўзә§з«һиөӣйӣҶи®ӯпјҢеёҢжңӣи°ғж•ҙжҷҡиҮӘд№ зӯҫеҲ°гҖӮ', '2026-04-06 18:30:00', '2026-04-07 21:00:00', 1.0, '2', '13800138002', 'иҜ·е…ҲиЎҘйҪҗжҢҮеҜјж•ҷеёҲзӯҫеӯ—жқҗж–ҷеҗҺеҶҚж¬ЎжҸҗдәӨгҖӮ', '2026-04-06 17:45:00', NULL, 'student01', '2026-04-06 15:20:00', 'teacher01', '2026-04-06 17:45:00', 'жқҗж–ҷдёҚе®Ңж•ҙиў«й©іеӣһ', '0');
INSERT INTO `campus_leave_apply` VALUES (101, 2, NULL, '1', '123', '12312312312', '2026-04-13 15:33:41', '2026-04-14 00:00:00', 1.0, '3', NULL, '', NULL, '2026-04-13 15:33:49', 'student01', '2026-04-13 15:33:46', 'student01', '2026-04-13 15:33:49', NULL, '2');
INSERT INTO `campus_leave_apply` VALUES (102, 2, 3, '1', '321', '12312312312312', '2026-04-13 16:56:43', '2026-04-14 00:00:00', 1.0, '1', NULL, '3123123123', '2026-04-13 16:56:59', NULL, 'student01', '2026-04-13 16:56:48', 'teacher01', '2026-04-13 16:56:59', NULL, '0');

-- ----------------------------
-- Table structure for campus_shared_file
-- ----------------------------
DROP TABLE IF EXISTS `campus_shared_file`;
CREATE TABLE `campus_shared_file`  (
  `file_id` bigint NOT NULL AUTO_INCREMENT COMMENT 'ж–Үд»¶ID',
  `file_name` varchar(120) CHARACTER SET utf8mb4 COLLATE utf8mb4_unicode_ci NOT NULL COMMENT 'ж–Үд»¶ж Үйўҳ',
  `original_name` varchar(255) CHARACTER SET utf8mb4 COLLATE utf8mb4_unicode_ci NULL DEFAULT '' COMMENT 'еҺҹе§Ӣж–Үд»¶еҗҚ',
  `file_url` varchar(255) CHARACTER SET utf8mb4 COLLATE utf8mb4_unicode_ci NULL DEFAULT '' COMMENT 'и®ҝй—®ең°еқҖ',
  `file_path` varchar(255) CHARACTER SET utf8mb4 COLLATE utf8mb4_unicode_ci NULL DEFAULT '' COMMENT 'еӯҳеӮЁи·Ҝеҫ„',
  `file_suffix` varchar(20) CHARACTER SET utf8mb4 COLLATE utf8mb4_unicode_ci NULL DEFAULT '' COMMENT 'ж–Үд»¶еҗҺзјҖ',
  `file_size` bigint NOT NULL DEFAULT 0 COMMENT 'ж–Үд»¶еӨ§е°ҸпјҲеӯ—иҠӮпјү',
  `file_category` char(1) CHARACTER SET utf8mb4 COLLATE utf8mb4_unicode_ci NOT NULL DEFAULT '4' COMMENT 'ж–Үд»¶еҲҶзұ»пјҲ1ж•ҷеӯҰиө„ж–ҷ 2дҪңдёҡж–ҮжЎЈ 3йҖҡзҹҘж–Үд»¶ 4е…¶д»–пјү',
  `access_scope` char(1) CHARACTER SET utf8mb4 COLLATE utf8mb4_unicode_ci NOT NULL DEFAULT '0' COMMENT 'и®ҝй—®иҢғеӣҙпјҲ0е…Ёе‘ҳеҸҜи§Ғ 1д»…ж•ҷеёҲеҸҜи§Ғ 2д»…з®ЎзҗҶе‘ҳеҸҜи§Ғпјү',
  `upload_user_id` bigint NOT NULL COMMENT 'дёҠдј з”ЁжҲ·ID',
  `download_count` int NOT NULL DEFAULT 0 COMMENT 'дёӢиҪҪж¬Ўж•°',
  `status` char(1) CHARACTER SET utf8mb4 COLLATE utf8mb4_unicode_ci NOT NULL DEFAULT '0' COMMENT 'зҠ¶жҖҒпјҲ0жӯЈеёё 1йҡҗи—Ҹпјү',
  `create_by` varchar(64) CHARACTER SET utf8mb4 COLLATE utf8mb4_unicode_ci NULL DEFAULT '' COMMENT 'еҲӣе»әиҖ…',
  `create_time` datetime NULL DEFAULT NULL COMMENT 'еҲӣе»әж—¶й—ҙ',
  `update_by` varchar(64) CHARACTER SET utf8mb4 COLLATE utf8mb4_unicode_ci NULL DEFAULT '' COMMENT 'жӣҙж–°иҖ…',
  `update_time` datetime NULL DEFAULT NULL COMMENT 'жӣҙж–°ж—¶й—ҙ',
  `remark` varchar(500) CHARACTER SET utf8mb4 COLLATE utf8mb4_unicode_ci NULL DEFAULT NULL COMMENT 'еӨҮжіЁ',
  `del_flag` char(1) CHARACTER SET utf8mb4 COLLATE utf8mb4_unicode_ci NOT NULL DEFAULT '0' COMMENT 'еҲ йҷӨж Үеҝ—пјҲ0еӯҳеңЁ 2еҲ йҷӨпјү',
  PRIMARY KEY (`file_id`) USING BTREE,
  INDEX `idx_shared_file_user`(`upload_user_id` ASC) USING BTREE,
  INDEX `idx_shared_file_category`(`file_category` ASC) USING BTREE,
  INDEX `idx_shared_file_scope`(`access_scope` ASC) USING BTREE
) ENGINE = InnoDB AUTO_INCREMENT = 101 CHARACTER SET = utf8mb4 COLLATE = utf8mb4_unicode_ci COMMENT = 'ж Ўеӣӯе…ұдә«ж–Үд»¶иЎЁ' ROW_FORMAT = Dynamic;

-- ----------------------------
-- Records of campus_shared_file
-- ----------------------------
INSERT INTO `campus_shared_file` VALUES (1, 'ејҖйўҳжЁЎжқҝдёҺжҺ’зүҲиҰҒжұӮ', 'ејҖйўҳжЁЎжқҝ.docx', '/profile/upload/2026/04/opening-template.docx', '/upload/2026/04/opening-template.docx', 'docx', 245760, '1', '0', 3, 13, '0', 'teacher01', '2026-04-05 08:40:00', 'teacher01', '2026-04-05 08:40:00', 'ж•ҷеёҲе…ұдә«жЁЎжқҝж–Үд»¶', '0');
INSERT INTO `campus_shared_file` VALUES (2, 'д»»еҠЎеҲҶе·ҘиҜҙжҳҺ', 'д»»еҠЎеҲҶе·ҘиҜҙжҳҺ.pdf', '/profile/upload/2026/04/task-division.pdf', '/upload/2026/04/task-division.pdf', 'pdf', 184320, '2', '0', 2, 5, '0', 'student01', '2026-04-09 19:15:00', 'admin', '2026-04-13 16:37:53', 'еӯҰз”ҹдёҠдј зҡ„еҚҸдҪңж–ҮжЎЈ', '0');
INSERT INTO `campus_shared_file` VALUES (3, 'ж•ҷеёҲе®Ўжү№и§„иҢғ', 'ж•ҷеёҲе®Ўжү№и§„иҢғ.xlsx', '/profile/upload/2026/04/teacher-approval-rule.xlsx', '/upload/2026/04/teacher-approval-rule.xlsx', 'xlsx', 102400, '3', '1', 1, 3, '0', 'admin', '2026-04-07 10:00:00', 'admin', '2026-04-07 10:00:00', 'ж•ҷеёҲе®Ўжү№е·ҘдҪңеҸӮиҖғж–Үд»¶', '0');

-- ----------------------------
-- Table structure for campus_task
-- ----------------------------
DROP TABLE IF EXISTS `campus_task`;
CREATE TABLE `campus_task`  (
  `task_id` bigint NOT NULL AUTO_INCREMENT COMMENT 'д»»еҠЎID',
  `task_title` varchar(120) CHARACTER SET utf8mb4 COLLATE utf8mb4_unicode_ci NOT NULL COMMENT 'д»»еҠЎж Үйўҳ',
  `task_content` varchar(1000) CHARACTER SET utf8mb4 COLLATE utf8mb4_unicode_ci NULL DEFAULT NULL COMMENT 'д»»еҠЎеҶ…е®№',
  `publish_user_id` bigint NOT NULL COMMENT 'еҸ‘еёғж•ҷеёҲID',
  `receive_user_id` bigint NOT NULL COMMENT 'жҺҘж”¶еӯҰз”ҹID',
  `priority` char(1) CHARACTER SET utf8mb4 COLLATE utf8mb4_unicode_ci NOT NULL DEFAULT '1' COMMENT 'дјҳе…Ҳзә§пјҲ0дҪҺ 1дёӯ 2й«ҳ 3зҙ§жҖҘпјү',
  `task_status` char(1) CHARACTER SET utf8mb4 COLLATE utf8mb4_unicode_ci NOT NULL DEFAULT '0' COMMENT 'д»»еҠЎзҠ¶жҖҒпјҲ0еҫ…еӨ„зҗҶ 1иҝӣиЎҢдёӯ 2е·Іе®ҢжҲҗ 3е·ІеҸ–ж¶Ҳпјү',
  `progress_percent` int NOT NULL DEFAULT 0 COMMENT 'иҝӣеәҰзҷҫеҲҶжҜ”',
  `start_time` datetime NULL DEFAULT NULL COMMENT 'ејҖе§Ӣж—¶й—ҙ',
  `deadline_time` datetime NULL DEFAULT NULL COMMENT 'жҲӘжӯўж—¶й—ҙ',
  `finish_time` datetime NULL DEFAULT NULL COMMENT 'е®ҢжҲҗж—¶й—ҙ',
  `attachment_name` varchar(255) CHARACTER SET utf8mb4 COLLATE utf8mb4_unicode_ci NULL DEFAULT '' COMMENT 'йҷ„д»¶еҗҚз§°',
  `attachment_url` varchar(255) CHARACTER SET utf8mb4 COLLATE utf8mb4_unicode_ci NULL DEFAULT '' COMMENT 'йҷ„д»¶ең°еқҖ',
  `comment_count` int NOT NULL DEFAULT 0 COMMENT 'иҜ„и®әж•°йҮҸ',
  `create_by` varchar(64) CHARACTER SET utf8mb4 COLLATE utf8mb4_unicode_ci NULL DEFAULT '' COMMENT 'еҲӣе»әиҖ…',
  `create_time` datetime NULL DEFAULT NULL COMMENT 'еҲӣе»әж—¶й—ҙ',
  `update_by` varchar(64) CHARACTER SET utf8mb4 COLLATE utf8mb4_unicode_ci NULL DEFAULT '' COMMENT 'жӣҙж–°иҖ…',
  `update_time` datetime NULL DEFAULT NULL COMMENT 'жӣҙж–°ж—¶й—ҙ',
  `remark` varchar(500) CHARACTER SET utf8mb4 COLLATE utf8mb4_unicode_ci NULL DEFAULT NULL COMMENT 'еӨҮжіЁ',
  `del_flag` char(1) CHARACTER SET utf8mb4 COLLATE utf8mb4_unicode_ci NOT NULL DEFAULT '0' COMMENT 'еҲ йҷӨж Үеҝ—пјҲ0еӯҳеңЁ 2еҲ йҷӨпјү',
  PRIMARY KEY (`task_id`) USING BTREE,
  INDEX `idx_task_publish_user`(`publish_user_id` ASC) USING BTREE,
  INDEX `idx_task_receive_user`(`receive_user_id` ASC) USING BTREE,
  INDEX `idx_task_status`(`task_status` ASC) USING BTREE,
  INDEX `idx_task_deadline`(`deadline_time` ASC) USING BTREE
) ENGINE = InnoDB AUTO_INCREMENT = 101 CHARACTER SET = utf8mb4 COLLATE = utf8mb4_unicode_ci COMMENT = 'ж Ўеӣӯд»»еҠЎиЎЁ' ROW_FORMAT = Dynamic;

-- ----------------------------
-- Records of campus_task
-- ----------------------------
INSERT INTO `campus_task` VALUES (1, 'жҜ•дёҡи®ҫи®ЎејҖйўҳжҠҘе‘ҠжҸҗдәӨ', 'иҜ·ж №жҚ®еҜјеёҲж„Ҹи§ҒиЎҘе……з ”з©¶зҺ°зҠ¶дёҺжҠҖжңҜи·ҜзәҝпјҢе№¶еңЁжҲӘжӯўеүҚдёҠдј ејҖйўҳжҠҘе‘ҠеҲқзЁҝгҖӮ', 3, 2, '3', '1', 70, '2026-04-08 08:30:00', '2026-04-12 18:00:00', NULL, 'ејҖйўҳжҠҘе‘Ҡд»»еҠЎиҜҙжҳҺ.docx', '/profile/upload/2026/04/task-opening-guide.docx', 3, 'teacher01', '2026-04-08 08:30:00', 'admin', '2026-04-13 16:37:21', 'еҜјеёҲйҮҚзӮ№е…іжіЁеӣҪеҶ…еӨ–з ”з©¶зҺ°зҠ¶йғЁеҲҶ', '0');
INSERT INTO `campus_task` VALUES (2, 'ж ЎеӣӯеҚҸеҗҢе№іеҸ°еҠҹиғҪжј”зӨәеҪ©жҺ’', 'иҜ·жўізҗҶд»»еҠЎдёӯеҝғгҖҒж–Үд»¶дёӯеҝғе’ҢиҜ·еҒҮе®Ўжү№дёүжқЎж ёеҝғжөҒзЁӢпјҢеҮҶеӨҮдёӢе‘ЁиҜҫе Ӯжј”зӨәгҖӮ', 3, 2, '2', '1', 0, '2026-04-10 09:00:00', '2026-04-15 17:30:00', NULL, '', '', 3, 'teacher01', '2026-04-10 09:00:00', 'student01', '2026-04-13 16:56:14', 'з”ЁдәҺзҸӯзә§йЎ№зӣ®еұ•зӨә', '0');
INSERT INTO `campus_task` VALUES (3, 'зҸӯзә§е‘ЁжҠҘж•ҙзҗҶ', 'е°Ҷжң¬е‘ЁзҸӯзә§д»»еҠЎе®ҢжҲҗжғ…еҶөжұҮжҖ»жҲҗе‘ЁжҠҘе№¶жҸҗдәӨз»ҷжҢҮеҜјж•ҷеёҲгҖӮ', 3, 2, '1', '2', 100, '2026-04-01 14:00:00', '2026-04-03 18:00:00', '2026-04-03 16:20:00', 'зҸӯзә§е‘ЁжҠҘжЁЎжқҝ.xlsx', '/profile/upload/2026/04/class-weekly-template.xlsx', 1, 'teacher01', '2026-04-01 14:00:00', 'student01', '2026-04-03 16:20:00', 'е·Із”ЁдәҺж•ҷеёҲе‘ЁдҫӢдјҡ', '0');

-- ----------------------------
-- Table structure for campus_task_comment
-- ----------------------------
DROP TABLE IF EXISTS `campus_task_comment`;
CREATE TABLE `campus_task_comment`  (
  `comment_id` bigint NOT NULL AUTO_INCREMENT COMMENT 'иҜ„и®әID',
  `task_id` bigint NOT NULL COMMENT 'д»»еҠЎID',
  `comment_user_id` bigint NOT NULL COMMENT 'иҜ„и®әз”ЁжҲ·ID',
  `reply_user_id` bigint NULL DEFAULT NULL COMMENT 'еӣһеӨҚзӣ®ж Үз”ЁжҲ·ID',
  `comment_content` varchar(500) CHARACTER SET utf8mb4 COLLATE utf8mb4_unicode_ci NOT NULL COMMENT 'иҜ„и®әеҶ…е®№',
  `create_by` varchar(64) CHARACTER SET utf8mb4 COLLATE utf8mb4_unicode_ci NULL DEFAULT '' COMMENT 'еҲӣе»әиҖ…',
  `create_time` datetime NULL DEFAULT NULL COMMENT 'еҲӣе»әж—¶й—ҙ',
  `update_by` varchar(64) CHARACTER SET utf8mb4 COLLATE utf8mb4_unicode_ci NULL DEFAULT '' COMMENT 'жӣҙж–°иҖ…',
  `update_time` datetime NULL DEFAULT NULL COMMENT 'жӣҙж–°ж—¶й—ҙ',
  `remark` varchar(500) CHARACTER SET utf8mb4 COLLATE utf8mb4_unicode_ci NULL DEFAULT NULL COMMENT 'еӨҮжіЁ',
  `del_flag` char(1) CHARACTER SET utf8mb4 COLLATE utf8mb4_unicode_ci NOT NULL DEFAULT '0' COMMENT 'еҲ йҷӨж Үеҝ—пјҲ0еӯҳеңЁ 2еҲ йҷӨпјү',
  PRIMARY KEY (`comment_id`) USING BTREE,
  INDEX `idx_task_comment_task`(`task_id` ASC) USING BTREE,
  INDEX `idx_task_comment_user`(`comment_user_id` ASC) USING BTREE
) ENGINE = InnoDB AUTO_INCREMENT = 104 CHARACTER SET = utf8mb4 COLLATE = utf8mb4_unicode_ci COMMENT = 'ж Ўеӣӯд»»еҠЎиҜ„и®әиЎЁ' ROW_FORMAT = Dynamic;

-- ----------------------------
-- Records of campus_task_comment
-- ----------------------------
INSERT INTO `campus_task_comment` VALUES (1, 1, 3, 2, 'иҜ·иЎҘе……иҝ‘дә”е№ҙзҡ„ж ЎеӣӯеҚҸеҗҢе№іеҸ°зӣёе…іж–ҮзҢ®пјҢе№¶жҠҠжҠҖжңҜи·ҜзәҝеӣҫдёҖиө·дёҠдј гҖӮ', 'teacher01', '2026-04-09 09:20:00', 'teacher01', '2026-04-09 09:20:00', 'еҜјеёҲиҜ„и®ә', '0');
INSERT INTO `campus_task_comment` VALUES (2, 1, 2, 3, 'е·ІиЎҘе…… 3 зҜҮеҸӮиҖғж–ҮзҢ®пјҢд»ҠжҷҡдјҡжҸҗдәӨжӣҙж–°еҗҺзҡ„зүҲжң¬гҖӮ', 'student01', '2026-04-10 20:00:00', 'student01', '2026-04-10 20:00:00', 'еӯҰз”ҹеҸҚйҰҲ', '0');
INSERT INTO `campus_task_comment` VALUES (3, 3, 2, 3, 'е‘ЁжҠҘе·Із»ҸжҸҗдәӨеҲ°е…ұдә«ж–Үд»¶еҢәпјҢиҜ·иҖҒеёҲжҹҘж”¶гҖӮ', 'student01', '2026-04-03 16:25:00', 'student01', '2026-04-03 16:25:00', 'з»“йЎ№иҜҙжҳҺ', '0');
INSERT INTO `campus_task_comment` VALUES (100, 2, 1, NULL, '123123', 'admin', '2026-04-13 13:46:54', '', NULL, NULL, '0');
INSERT INTO `campus_task_comment` VALUES (101, 1, 1, NULL, '3213213123', 'admin', '2026-04-13 16:37:30', '', NULL, NULL, '0');
INSERT INTO `campus_task_comment` VALUES (102, 2, 3, NULL, '32131231', 'teacher01', '2026-04-13 16:51:55', '', NULL, NULL, '0');
INSERT INTO `campus_task_comment` VALUES (103, 2, 2, NULL, '312312', 'student01', '2026-04-13 16:56:18', '', NULL, NULL, '0');

-- ----------------------------
-- Table structure for qrtz_blob_triggers
-- ----------------------------
DROP TABLE IF EXISTS `qrtz_blob_triggers`;
CREATE TABLE `qrtz_blob_triggers`  (
  `sched_name` varchar(120) CHARACTER SET utf8mb4 COLLATE utf8mb4_0900_ai_ci NOT NULL COMMENT 'и°ғеәҰеҗҚз§°',
  `trigger_name` varchar(200) CHARACTER SET utf8mb4 COLLATE utf8mb4_0900_ai_ci NOT NULL COMMENT 'qrtz_triggersиЎЁtrigger_nameзҡ„еӨ–й”®',
  `trigger_group` varchar(200) CHARACTER SET utf8mb4 COLLATE utf8mb4_0900_ai_ci NOT NULL COMMENT 'qrtz_triggersиЎЁtrigger_groupзҡ„еӨ–й”®',
  `blob_data` blob NULL COMMENT 'еӯҳж”ҫжҢҒд№…еҢ–TriggerеҜ№иұЎ',
  PRIMARY KEY (`sched_name`, `trigger_name`, `trigger_group`) USING BTREE,
  CONSTRAINT `qrtz_blob_triggers_ibfk_1` FOREIGN KEY (`sched_name`, `trigger_name`, `trigger_group`) REFERENCES `qrtz_triggers` (`sched_name`, `trigger_name`, `trigger_group`) ON DELETE RESTRICT ON UPDATE RESTRICT
) ENGINE = InnoDB CHARACTER SET = utf8mb4 COLLATE = utf8mb4_0900_ai_ci COMMENT = 'Blobзұ»еһӢзҡ„и§ҰеҸ‘еҷЁиЎЁ' ROW_FORMAT = DYNAMIC;

-- ----------------------------
-- Records of qrtz_blob_triggers
-- ----------------------------

-- ----------------------------
-- Table structure for qrtz_calendars
-- ----------------------------
DROP TABLE IF EXISTS `qrtz_calendars`;
CREATE TABLE `qrtz_calendars`  (
  `sched_name` varchar(120) CHARACTER SET utf8mb4 COLLATE utf8mb4_0900_ai_ci NOT NULL COMMENT 'и°ғеәҰеҗҚз§°',
  `calendar_name` varchar(200) CHARACTER SET utf8mb4 COLLATE utf8mb4_0900_ai_ci NOT NULL COMMENT 'ж—ҘеҺҶеҗҚз§°',
  `calendar` blob NOT NULL COMMENT 'еӯҳж”ҫжҢҒд№…еҢ–calendarеҜ№иұЎ',
  PRIMARY KEY (`sched_name`, `calendar_name`) USING BTREE
) ENGINE = InnoDB CHARACTER SET = utf8mb4 COLLATE = utf8mb4_0900_ai_ci COMMENT = 'ж—ҘеҺҶдҝЎжҒҜиЎЁ' ROW_FORMAT = DYNAMIC;

-- ----------------------------
-- Records of qrtz_calendars
-- ----------------------------

-- ----------------------------
-- Table structure for qrtz_cron_triggers
-- ----------------------------
DROP TABLE IF EXISTS `qrtz_cron_triggers`;
CREATE TABLE `qrtz_cron_triggers`  (
  `sched_name` varchar(120) CHARACTER SET utf8mb4 COLLATE utf8mb4_0900_ai_ci NOT NULL COMMENT 'и°ғеәҰеҗҚз§°',
  `trigger_name` varchar(200) CHARACTER SET utf8mb4 COLLATE utf8mb4_0900_ai_ci NOT NULL COMMENT 'qrtz_triggersиЎЁtrigger_nameзҡ„еӨ–й”®',
  `trigger_group` varchar(200) CHARACTER SET utf8mb4 COLLATE utf8mb4_0900_ai_ci NOT NULL COMMENT 'qrtz_triggersиЎЁtrigger_groupзҡ„еӨ–й”®',
  `cron_expression` varchar(200) CHARACTER SET utf8mb4 COLLATE utf8mb4_0900_ai_ci NOT NULL COMMENT 'cronиЎЁиҫҫејҸ',
  `time_zone_id` varchar(80) CHARACTER SET utf8mb4 COLLATE utf8mb4_0900_ai_ci NULL DEFAULT NULL COMMENT 'ж—¶еҢә',
  PRIMARY KEY (`sched_name`, `trigger_name`, `trigger_group`) USING BTREE,
  CONSTRAINT `qrtz_cron_triggers_ibfk_1` FOREIGN KEY (`sched_name`, `trigger_name`, `trigger_group`) REFERENCES `qrtz_triggers` (`sched_name`, `trigger_name`, `trigger_group`) ON DELETE RESTRICT ON UPDATE RESTRICT
) ENGINE = InnoDB CHARACTER SET = utf8mb4 COLLATE = utf8mb4_0900_ai_ci COMMENT = 'Cronзұ»еһӢзҡ„и§ҰеҸ‘еҷЁиЎЁ' ROW_FORMAT = DYNAMIC;

-- ----------------------------
-- Records of qrtz_cron_triggers
-- ----------------------------

-- ----------------------------
-- Table structure for qrtz_fired_triggers
-- ----------------------------
DROP TABLE IF EXISTS `qrtz_fired_triggers`;
CREATE TABLE `qrtz_fired_triggers`  (
  `sched_name` varchar(120) CHARACTER SET utf8mb4 COLLATE utf8mb4_0900_ai_ci NOT NULL COMMENT 'и°ғеәҰеҗҚз§°',
  `entry_id` varchar(95) CHARACTER SET utf8mb4 COLLATE utf8mb4_0900_ai_ci NOT NULL COMMENT 'и°ғеәҰеҷЁе®һдҫӢid',
  `trigger_name` varchar(200) CHARACTER SET utf8mb4 COLLATE utf8mb4_0900_ai_ci NOT NULL COMMENT 'qrtz_triggersиЎЁtrigger_nameзҡ„еӨ–й”®',
  `trigger_group` varchar(200) CHARACTER SET utf8mb4 COLLATE utf8mb4_0900_ai_ci NOT NULL COMMENT 'qrtz_triggersиЎЁtrigger_groupзҡ„еӨ–й”®',
  `instance_name` varchar(200) CHARACTER SET utf8mb4 COLLATE utf8mb4_0900_ai_ci NOT NULL COMMENT 'и°ғеәҰеҷЁе®һдҫӢеҗҚ',
  `fired_time` bigint NOT NULL COMMENT 'и§ҰеҸ‘зҡ„ж—¶й—ҙ',
  `sched_time` bigint NOT NULL COMMENT 'е®ҡж—¶еҷЁеҲ¶е®ҡзҡ„ж—¶й—ҙ',
  `priority` int NOT NULL COMMENT 'дјҳе…Ҳзә§',
  `state` varchar(16) CHARACTER SET utf8mb4 COLLATE utf8mb4_0900_ai_ci NOT NULL COMMENT 'зҠ¶жҖҒ',
  `job_name` varchar(200) CHARACTER SET utf8mb4 COLLATE utf8mb4_0900_ai_ci NULL DEFAULT NULL COMMENT 'д»»еҠЎеҗҚз§°',
  `job_group` varchar(200) CHARACTER SET utf8mb4 COLLATE utf8mb4_0900_ai_ci NULL DEFAULT NULL COMMENT 'д»»еҠЎз»„еҗҚ',
  `is_nonconcurrent` varchar(1) CHARACTER SET utf8mb4 COLLATE utf8mb4_0900_ai_ci NULL DEFAULT NULL COMMENT 'жҳҜеҗҰе№¶еҸ‘',
  `requests_recovery` varchar(1) CHARACTER SET utf8mb4 COLLATE utf8mb4_0900_ai_ci NULL DEFAULT NULL COMMENT 'жҳҜеҗҰжҺҘеҸ—жҒўеӨҚжү§иЎҢ',
  PRIMARY KEY (`sched_name`, `entry_id`) USING BTREE
) ENGINE = InnoDB CHARACTER SET = utf8mb4 COLLATE = utf8mb4_0900_ai_ci COMMENT = 'е·Іи§ҰеҸ‘зҡ„и§ҰеҸ‘еҷЁиЎЁ' ROW_FORMAT = DYNAMIC;

-- ----------------------------
-- Records of qrtz_fired_triggers
-- ----------------------------

-- ----------------------------
-- Table structure for qrtz_job_details
-- ----------------------------
DROP TABLE IF EXISTS `qrtz_job_details`;
CREATE TABLE `qrtz_job_details`  (
  `sched_name` varchar(120) CHARACTER SET utf8mb4 COLLATE utf8mb4_0900_ai_ci NOT NULL COMMENT 'и°ғеәҰеҗҚз§°',
  `job_name` varchar(200) CHARACTER SET utf8mb4 COLLATE utf8mb4_0900_ai_ci NOT NULL COMMENT 'д»»еҠЎеҗҚз§°',
  `job_group` varchar(200) CHARACTER SET utf8mb4 COLLATE utf8mb4_0900_ai_ci NOT NULL COMMENT 'д»»еҠЎз»„еҗҚ',
  `description` varchar(250) CHARACTER SET utf8mb4 COLLATE utf8mb4_0900_ai_ci NULL DEFAULT NULL COMMENT 'зӣёе…ід»Ӣз»Қ',
  `job_class_name` varchar(250) CHARACTER SET utf8mb4 COLLATE utf8mb4_0900_ai_ci NOT NULL COMMENT 'жү§иЎҢд»»еҠЎзұ»еҗҚз§°',
  `is_durable` varchar(1) CHARACTER SET utf8mb4 COLLATE utf8mb4_0900_ai_ci NOT NULL COMMENT 'жҳҜеҗҰжҢҒд№…еҢ–',
  `is_nonconcurrent` varchar(1) CHARACTER SET utf8mb4 COLLATE utf8mb4_0900_ai_ci NOT NULL COMMENT 'жҳҜеҗҰе№¶еҸ‘',
  `is_update_data` varchar(1) CHARACTER SET utf8mb4 COLLATE utf8mb4_0900_ai_ci NOT NULL COMMENT 'жҳҜеҗҰжӣҙж–°ж•°жҚ®',
  `requests_recovery` varchar(1) CHARACTER SET utf8mb4 COLLATE utf8mb4_0900_ai_ci NOT NULL COMMENT 'жҳҜеҗҰжҺҘеҸ—жҒўеӨҚжү§иЎҢ',
  `job_data` blob NULL COMMENT 'еӯҳж”ҫжҢҒд№…еҢ–jobеҜ№иұЎ',
  PRIMARY KEY (`sched_name`, `job_name`, `job_group`) USING BTREE
) ENGINE = InnoDB CHARACTER SET = utf8mb4 COLLATE = utf8mb4_0900_ai_ci COMMENT = 'д»»еҠЎиҜҰз»ҶдҝЎжҒҜиЎЁ' ROW_FORMAT = DYNAMIC;

-- ----------------------------
-- Records of qrtz_job_details
-- ----------------------------

-- ----------------------------
-- Table structure for qrtz_locks
-- ----------------------------
DROP TABLE IF EXISTS `qrtz_locks`;
CREATE TABLE `qrtz_locks`  (
  `sched_name` varchar(120) CHARACTER SET utf8mb4 COLLATE utf8mb4_0900_ai_ci NOT NULL COMMENT 'и°ғеәҰеҗҚз§°',
  `lock_name` varchar(40) CHARACTER SET utf8mb4 COLLATE utf8mb4_0900_ai_ci NOT NULL COMMENT 'жӮІи§Ӯй”ҒеҗҚз§°',
  PRIMARY KEY (`sched_name`, `lock_name`) USING BTREE
) ENGINE = InnoDB CHARACTER SET = utf8mb4 COLLATE = utf8mb4_0900_ai_ci COMMENT = 'еӯҳеӮЁзҡ„жӮІи§Ӯй”ҒдҝЎжҒҜиЎЁ' ROW_FORMAT = DYNAMIC;

-- ----------------------------
-- Records of qrtz_locks
-- ----------------------------

-- ----------------------------
-- Table structure for qrtz_paused_trigger_grps
-- ----------------------------
DROP TABLE IF EXISTS `qrtz_paused_trigger_grps`;
CREATE TABLE `qrtz_paused_trigger_grps`  (
  `sched_name` varchar(120) CHARACTER SET utf8mb4 COLLATE utf8mb4_0900_ai_ci NOT NULL COMMENT 'и°ғеәҰеҗҚз§°',
  `trigger_group` varchar(200) CHARACTER SET utf8mb4 COLLATE utf8mb4_0900_ai_ci NOT NULL COMMENT 'qrtz_triggersиЎЁtrigger_groupзҡ„еӨ–й”®',
  PRIMARY KEY (`sched_name`, `trigger_group`) USING BTREE
) ENGINE = InnoDB CHARACTER SET = utf8mb4 COLLATE = utf8mb4_0900_ai_ci COMMENT = 'жҡӮеҒңзҡ„и§ҰеҸ‘еҷЁиЎЁ' ROW_FORMAT = DYNAMIC;

-- ----------------------------
-- Records of qrtz_paused_trigger_grps
-- ----------------------------

-- ----------------------------
-- Table structure for qrtz_scheduler_state
-- ----------------------------
DROP TABLE IF EXISTS `qrtz_scheduler_state`;
CREATE TABLE `qrtz_scheduler_state`  (
  `sched_name` varchar(120) CHARACTER SET utf8mb4 COLLATE utf8mb4_0900_ai_ci NOT NULL COMMENT 'и°ғеәҰеҗҚз§°',
  `instance_name` varchar(200) CHARACTER SET utf8mb4 COLLATE utf8mb4_0900_ai_ci NOT NULL COMMENT 'е®һдҫӢеҗҚз§°',
  `last_checkin_time` bigint NOT NULL COMMENT 'дёҠж¬ЎжЈҖжҹҘж—¶й—ҙ',
  `checkin_interval` bigint NOT NULL COMMENT 'жЈҖжҹҘй—ҙйҡ”ж—¶й—ҙ',
  PRIMARY KEY (`sched_name`, `instance_name`) USING BTREE
) ENGINE = InnoDB CHARACTER SET = utf8mb4 COLLATE = utf8mb4_0900_ai_ci COMMENT = 'и°ғеәҰеҷЁзҠ¶жҖҒиЎЁ' ROW_FORMAT = DYNAMIC;

-- ----------------------------
-- Records of qrtz_scheduler_state
-- ----------------------------

-- ----------------------------
-- Table structure for qrtz_simple_triggers
-- ----------------------------
DROP TABLE IF EXISTS `qrtz_simple_triggers`;
CREATE TABLE `qrtz_simple_triggers`  (
  `sched_name` varchar(120) CHARACTER SET utf8mb4 COLLATE utf8mb4_0900_ai_ci NOT NULL COMMENT 'и°ғеәҰеҗҚз§°',
  `trigger_name` varchar(200) CHARACTER SET utf8mb4 COLLATE utf8mb4_0900_ai_ci NOT NULL COMMENT 'qrtz_triggersиЎЁtrigger_nameзҡ„еӨ–й”®',
  `trigger_group` varchar(200) CHARACTER SET utf8mb4 COLLATE utf8mb4_0900_ai_ci NOT NULL COMMENT 'qrtz_triggersиЎЁtrigger_groupзҡ„еӨ–й”®',
  `repeat_count` bigint NOT NULL COMMENT 'йҮҚеӨҚзҡ„ж¬Ўж•°з»ҹи®Ў',
  `repeat_interval` bigint NOT NULL COMMENT 'йҮҚеӨҚзҡ„й—ҙйҡ”ж—¶й—ҙ',
  `times_triggered` bigint NOT NULL COMMENT 'е·Із»Ҹи§ҰеҸ‘зҡ„ж¬Ўж•°',
  PRIMARY KEY (`sched_name`, `trigger_name`, `trigger_group`) USING BTREE,
  CONSTRAINT `qrtz_simple_triggers_ibfk_1` FOREIGN KEY (`sched_name`, `trigger_name`, `trigger_group`) REFERENCES `qrtz_triggers` (`sched_name`, `trigger_name`, `trigger_group`) ON DELETE RESTRICT ON UPDATE RESTRICT
) ENGINE = InnoDB CHARACTER SET = utf8mb4 COLLATE = utf8mb4_0900_ai_ci COMMENT = 'з®ҖеҚ•и§ҰеҸ‘еҷЁзҡ„дҝЎжҒҜиЎЁ' ROW_FORMAT = DYNAMIC;

-- ----------------------------
-- Records of qrtz_simple_triggers
-- ----------------------------

-- ----------------------------
-- Table structure for qrtz_simprop_triggers
-- ----------------------------
DROP TABLE IF EXISTS `qrtz_simprop_triggers`;
CREATE TABLE `qrtz_simprop_triggers`  (
  `sched_name` varchar(120) CHARACTER SET utf8mb4 COLLATE utf8mb4_0900_ai_ci NOT NULL COMMENT 'и°ғеәҰеҗҚз§°',
  `trigger_name` varchar(200) CHARACTER SET utf8mb4 COLLATE utf8mb4_0900_ai_ci NOT NULL COMMENT 'qrtz_triggersиЎЁtrigger_nameзҡ„еӨ–й”®',
  `trigger_group` varchar(200) CHARACTER SET utf8mb4 COLLATE utf8mb4_0900_ai_ci NOT NULL COMMENT 'qrtz_triggersиЎЁtrigger_groupзҡ„еӨ–й”®',
  `str_prop_1` varchar(512) CHARACTER SET utf8mb4 COLLATE utf8mb4_0900_ai_ci NULL DEFAULT NULL COMMENT 'Stringзұ»еһӢзҡ„triggerзҡ„з¬¬дёҖдёӘеҸӮж•°',
  `str_prop_2` varchar(512) CHARACTER SET utf8mb4 COLLATE utf8mb4_0900_ai_ci NULL DEFAULT NULL COMMENT 'Stringзұ»еһӢзҡ„triggerзҡ„з¬¬дәҢдёӘеҸӮж•°',
  `str_prop_3` varchar(512) CHARACTER SET utf8mb4 COLLATE utf8mb4_0900_ai_ci NULL DEFAULT NULL COMMENT 'Stringзұ»еһӢзҡ„triggerзҡ„з¬¬дёүдёӘеҸӮж•°',
  `int_prop_1` int NULL DEFAULT NULL COMMENT 'intзұ»еһӢзҡ„triggerзҡ„з¬¬дёҖдёӘеҸӮж•°',
  `int_prop_2` int NULL DEFAULT NULL COMMENT 'intзұ»еһӢзҡ„triggerзҡ„з¬¬дәҢдёӘеҸӮж•°',
  `long_prop_1` bigint NULL DEFAULT NULL COMMENT 'longзұ»еһӢзҡ„triggerзҡ„з¬¬дёҖдёӘеҸӮж•°',
  `long_prop_2` bigint NULL DEFAULT NULL COMMENT 'longзұ»еһӢзҡ„triggerзҡ„з¬¬дәҢдёӘеҸӮж•°',
  `dec_prop_1` decimal(13, 4) NULL DEFAULT NULL COMMENT 'decimalзұ»еһӢзҡ„triggerзҡ„з¬¬дёҖдёӘеҸӮж•°',
  `dec_prop_2` decimal(13, 4) NULL DEFAULT NULL COMMENT 'decimalзұ»еһӢзҡ„triggerзҡ„з¬¬дәҢдёӘеҸӮж•°',
  `bool_prop_1` varchar(1) CHARACTER SET utf8mb4 COLLATE utf8mb4_0900_ai_ci NULL DEFAULT NULL COMMENT 'Booleanзұ»еһӢзҡ„triggerзҡ„з¬¬дёҖдёӘеҸӮж•°',
  `bool_prop_2` varchar(1) CHARACTER SET utf8mb4 COLLATE utf8mb4_0900_ai_ci NULL DEFAULT NULL COMMENT 'Booleanзұ»еһӢзҡ„triggerзҡ„з¬¬дәҢдёӘеҸӮж•°',
  PRIMARY KEY (`sched_name`, `trigger_name`, `trigger_group`) USING BTREE,
  CONSTRAINT `qrtz_simprop_triggers_ibfk_1` FOREIGN KEY (`sched_name`, `trigger_name`, `trigger_group`) REFERENCES `qrtz_triggers` (`sched_name`, `trigger_name`, `trigger_group`) ON DELETE RESTRICT ON UPDATE RESTRICT
) ENGINE = InnoDB CHARACTER SET = utf8mb4 COLLATE = utf8mb4_0900_ai_ci COMMENT = 'еҗҢжӯҘжңәеҲ¶зҡ„иЎҢй”ҒиЎЁ' ROW_FORMAT = DYNAMIC;

-- ----------------------------
-- Records of qrtz_simprop_triggers
-- ----------------------------

-- ----------------------------
-- Table structure for qrtz_triggers
-- ----------------------------
DROP TABLE IF EXISTS `qrtz_triggers`;
CREATE TABLE `qrtz_triggers`  (
  `sched_name` varchar(120) CHARACTER SET utf8mb4 COLLATE utf8mb4_0900_ai_ci NOT NULL COMMENT 'и°ғеәҰеҗҚз§°',
  `trigger_name` varchar(200) CHARACTER SET utf8mb4 COLLATE utf8mb4_0900_ai_ci NOT NULL COMMENT 'и§ҰеҸ‘еҷЁзҡ„еҗҚеӯ—',
  `trigger_group` varchar(200) CHARACTER SET utf8mb4 COLLATE utf8mb4_0900_ai_ci NOT NULL COMMENT 'и§ҰеҸ‘еҷЁжүҖеұһз»„зҡ„еҗҚеӯ—',
  `job_name` varchar(200) CHARACTER SET utf8mb4 COLLATE utf8mb4_0900_ai_ci NOT NULL COMMENT 'qrtz_job_detailsиЎЁjob_nameзҡ„еӨ–й”®',
  `job_group` varchar(200) CHARACTER SET utf8mb4 COLLATE utf8mb4_0900_ai_ci NOT NULL COMMENT 'qrtz_job_detailsиЎЁjob_groupзҡ„еӨ–й”®',
  `description` varchar(250) CHARACTER SET utf8mb4 COLLATE utf8mb4_0900_ai_ci NULL DEFAULT NULL COMMENT 'зӣёе…ід»Ӣз»Қ',
  `next_fire_time` bigint NULL DEFAULT NULL COMMENT 'дёҠдёҖж¬Ўи§ҰеҸ‘ж—¶й—ҙпјҲжҜ«з§’пјү',
  `prev_fire_time` bigint NULL DEFAULT NULL COMMENT 'дёӢдёҖж¬Ўи§ҰеҸ‘ж—¶й—ҙпјҲй»ҳи®Өдёә-1иЎЁзӨәдёҚи§ҰеҸ‘пјү',
  `priority` int NULL DEFAULT NULL COMMENT 'дјҳе…Ҳзә§',
  `trigger_state` varchar(16) CHARACTER SET utf8mb4 COLLATE utf8mb4_0900_ai_ci NOT NULL COMMENT 'и§ҰеҸ‘еҷЁзҠ¶жҖҒ',
  `trigger_type` varchar(8) CHARACTER SET utf8mb4 COLLATE utf8mb4_0900_ai_ci NOT NULL COMMENT 'и§ҰеҸ‘еҷЁзҡ„зұ»еһӢ',
  `start_time` bigint NOT NULL COMMENT 'ејҖе§Ӣж—¶й—ҙ',
  `end_time` bigint NULL DEFAULT NULL COMMENT 'з»“жқҹж—¶й—ҙ',
  `calendar_name` varchar(200) CHARACTER SET utf8mb4 COLLATE utf8mb4_0900_ai_ci NULL DEFAULT NULL COMMENT 'ж—ҘзЁӢиЎЁеҗҚз§°',
  `misfire_instr` smallint NULL DEFAULT NULL COMMENT 'иЎҘеҒҝжү§иЎҢзҡ„зӯ–з•Ҙ',
  `job_data` blob NULL COMMENT 'еӯҳж”ҫжҢҒд№…еҢ–jobеҜ№иұЎ',
  PRIMARY KEY (`sched_name`, `trigger_name`, `trigger_group`) USING BTREE,
  INDEX `sched_name`(`sched_name` ASC, `job_name` ASC, `job_group` ASC) USING BTREE,
  CONSTRAINT `qrtz_triggers_ibfk_1` FOREIGN KEY (`sched_name`, `job_name`, `job_group`) REFERENCES `qrtz_job_details` (`sched_name`, `job_name`, `job_group`) ON DELETE RESTRICT ON UPDATE RESTRICT
) ENGINE = InnoDB CHARACTER SET = utf8mb4 COLLATE = utf8mb4_0900_ai_ci COMMENT = 'и§ҰеҸ‘еҷЁиҜҰз»ҶдҝЎжҒҜиЎЁ' ROW_FORMAT = DYNAMIC;

-- ----------------------------
-- Records of qrtz_triggers
-- ----------------------------

-- ----------------------------
-- Table structure for sys_config
-- ----------------------------
DROP TABLE IF EXISTS `sys_config`;
CREATE TABLE `sys_config`  (
  `config_id` int NOT NULL AUTO_INCREMENT COMMENT 'еҸӮж•°дё»й”®',
  `config_name` varchar(100) CHARACTER SET utf8mb4 COLLATE utf8mb4_0900_ai_ci NULL DEFAULT '' COMMENT 'еҸӮж•°еҗҚз§°',
  `config_key` varchar(100) CHARACTER SET utf8mb4 COLLATE utf8mb4_0900_ai_ci NULL DEFAULT '' COMMENT 'еҸӮж•°й”®еҗҚ',
  `config_value` varchar(500) CHARACTER SET utf8mb4 COLLATE utf8mb4_0900_ai_ci NULL DEFAULT '' COMMENT 'еҸӮж•°й”®еҖј',
  `config_type` char(1) CHARACTER SET utf8mb4 COLLATE utf8mb4_0900_ai_ci NULL DEFAULT 'N' COMMENT 'зі»з»ҹеҶ…зҪ®пјҲYжҳҜ NеҗҰпјү',
  `create_by` varchar(64) CHARACTER SET utf8mb4 COLLATE utf8mb4_0900_ai_ci NULL DEFAULT '' COMMENT 'еҲӣе»әиҖ…',
  `create_time` datetime NULL DEFAULT NULL COMMENT 'еҲӣе»әж—¶й—ҙ',
  `update_by` varchar(64) CHARACTER SET utf8mb4 COLLATE utf8mb4_0900_ai_ci NULL DEFAULT '' COMMENT 'жӣҙж–°иҖ…',
  `update_time` datetime NULL DEFAULT NULL COMMENT 'жӣҙж–°ж—¶й—ҙ',
  `remark` varchar(500) CHARACTER SET utf8mb4 COLLATE utf8mb4_0900_ai_ci NULL DEFAULT NULL COMMENT 'еӨҮжіЁ',
  PRIMARY KEY (`config_id`) USING BTREE
) ENGINE = InnoDB AUTO_INCREMENT = 100 CHARACTER SET = utf8mb4 COLLATE = utf8mb4_0900_ai_ci COMMENT = 'еҸӮж•°й…ҚзҪ®иЎЁ' ROW_FORMAT = DYNAMIC;

-- ----------------------------
-- Records of sys_config
-- ----------------------------
INSERT INTO `sys_config` VALUES (1, 'дё»жЎҶжһ¶йЎө-й»ҳи®Өзҡ®иӮӨж ·ејҸеҗҚз§°', 'sys.index.skinName', 'skin-blue', 'Y', 'admin', '2025-12-18 18:03:00', '', NULL, 'и“қиүІ skin-blueгҖҒз»ҝиүІ skin-greenгҖҒзҙ«иүІ skin-purpleгҖҒзәўиүІ skin-redгҖҒй»„иүІ skin-yellow');
INSERT INTO `sys_config` VALUES (2, 'з”ЁжҲ·з®ЎзҗҶ-иҙҰеҸ·еҲқе§ӢеҜҶз Ғ', 'sys.user.initPassword', '123456', 'Y', 'admin', '2025-12-18 18:03:00', '', NULL, 'еҲқе§ӢеҢ–еҜҶз Ғ 123456');
INSERT INTO `sys_config` VALUES (3, 'дё»жЎҶжһ¶йЎө-дҫ§иҫ№ж Ҹдё»йўҳ', 'sys.index.sideTheme', 'theme-light', 'Y', 'admin', '2025-12-18 18:03:00', 'admin', '2026-04-12 23:24:47', 'ж ЎеӣӯеҚҸеҗҢе·ҘдҪңе№іеҸ°й»ҳи®ӨдҪҝз”Ёжө…иүІдё»йўҳ');
INSERT INTO `sys_config` VALUES (4, 'иҙҰеҸ·иҮӘеҠ©-йӘҢиҜҒз ҒејҖе…і', 'sys.account.captchaEnabled', 'true', 'Y', 'admin', '2025-12-18 18:03:00', '', NULL, 'жҳҜеҗҰејҖеҗҜйӘҢиҜҒз ҒеҠҹиғҪпјҲtrueејҖеҗҜпјҢfalseе…ій—ӯпјү');
INSERT INTO `sys_config` VALUES (5, 'иҙҰеҸ·иҮӘеҠ©-жҳҜеҗҰејҖеҗҜз”ЁжҲ·жіЁеҶҢеҠҹиғҪ', 'sys.account.registerUser', 'true', 'Y', 'admin', '2025-12-18 18:03:00', 'admin', '2026-04-12 23:24:47', 'ејҖеҗҜз”ЁжҲ·жіЁеҶҢеҠҹиғҪпјҢдҫӣеӯҰз”ҹиҮӘеҠ©жіЁеҶҢ');
INSERT INTO `sys_config` VALUES (6, 'з”ЁжҲ·зҷ»еҪ•-й»‘еҗҚеҚ•еҲ—иЎЁ', 'sys.login.blackIPList', '', 'Y', 'admin', '2025-12-18 18:03:00', '', NULL, 'и®ҫзҪ®зҷ»еҪ•IPй»‘еҗҚеҚ•йҷҗеҲ¶пјҢеӨҡдёӘеҢ№й…ҚйЎ№д»Ҙ;еҲҶйҡ”пјҢж”ҜжҢҒеҢ№й…ҚпјҲ*йҖҡй…ҚгҖҒзҪ‘ж®өпјү');
INSERT INTO `sys_config` VALUES (7, 'з”ЁжҲ·з®ЎзҗҶ-еҲқе§ӢеҜҶз Ғдҝ®ж”№зӯ–з•Ҙ', 'sys.account.initPasswordModify', '1', 'Y', 'admin', '2025-12-18 18:03:00', '', NULL, '0пјҡеҲқе§ӢеҜҶз Ғдҝ®ж”№зӯ–з•Ҙе…ій—ӯпјҢжІЎжңүд»»дҪ•жҸҗзӨәпјҢ1пјҡжҸҗйҶ’з”ЁжҲ·пјҢеҰӮжһңжңӘдҝ®ж”№еҲқе§ӢеҜҶз ҒпјҢеҲҷеңЁзҷ»еҪ•ж—¶е°ұдјҡжҸҗйҶ’дҝ®ж”№еҜҶз ҒеҜ№иҜқжЎҶ');
INSERT INTO `sys_config` VALUES (8, 'з”ЁжҲ·з®ЎзҗҶ-иҙҰеҸ·еҜҶз Ғжӣҙж–°е‘Ёжңҹ', 'sys.account.passwordValidateDays', '0', 'Y', 'admin', '2025-12-18 18:03:00', '', NULL, 'еҜҶз Ғжӣҙж–°е‘ЁжңҹпјҲеЎ«еҶҷж•°еӯ—пјҢж•°жҚ®еҲқе§ӢеҢ–еҖјдёә0дёҚйҷҗеҲ¶пјҢиӢҘдҝ®ж”№еҝ…йЎ»дёәеӨ§дәҺ0е°ҸдәҺ365зҡ„жӯЈж•ҙж•°пјүпјҢеҰӮжһңи¶…иҝҮиҝҷдёӘе‘Ёжңҹзҷ»еҪ•зі»з»ҹж—¶пјҢеҲҷеңЁзҷ»еҪ•ж—¶е°ұдјҡжҸҗйҶ’дҝ®ж”№еҜҶз ҒеҜ№иҜқжЎҶ');
INSERT INTO `sys_config` VALUES (9, 'иҙҰеҸ·иҮӘеҠ©-й»ҳи®ӨжіЁеҶҢи§’иүІ', 'sys.user.defaultRole', '2', 'N', 'admin', '2026-04-12 23:24:47', 'admin', '2026-04-12 23:24:47', 'еӯҰз”ҹи§’иүІ role_id=2');

-- ----------------------------
-- Table structure for sys_dept
-- ----------------------------
DROP TABLE IF EXISTS `sys_dept`;
CREATE TABLE `sys_dept`  (
  `dept_id` bigint NOT NULL AUTO_INCREMENT COMMENT 'йғЁй—Ёid',
  `parent_id` bigint NULL DEFAULT 0 COMMENT 'зҲ¶йғЁй—Ёid',
  `ancestors` varchar(50) CHARACTER SET utf8mb4 COLLATE utf8mb4_0900_ai_ci NULL DEFAULT '' COMMENT 'зҘ–зә§еҲ—иЎЁ',
  `dept_name` varchar(30) CHARACTER SET utf8mb4 COLLATE utf8mb4_0900_ai_ci NULL DEFAULT '' COMMENT 'йғЁй—ЁеҗҚз§°',
  `order_num` int NULL DEFAULT 0 COMMENT 'жҳҫзӨәйЎәеәҸ',
  `leader` varchar(20) CHARACTER SET utf8mb4 COLLATE utf8mb4_0900_ai_ci NULL DEFAULT NULL COMMENT 'иҙҹиҙЈдәә',
  `phone` varchar(11) CHARACTER SET utf8mb4 COLLATE utf8mb4_0900_ai_ci NULL DEFAULT NULL COMMENT 'иҒ”зі»з”өиҜқ',
  `email` varchar(50) CHARACTER SET utf8mb4 COLLATE utf8mb4_0900_ai_ci NULL DEFAULT NULL COMMENT 'йӮ®з®ұ',
  `status` char(1) CHARACTER SET utf8mb4 COLLATE utf8mb4_0900_ai_ci NULL DEFAULT '0' COMMENT 'йғЁй—ЁзҠ¶жҖҒпјҲ0жӯЈеёё 1еҒңз”Ёпјү',
  `del_flag` char(1) CHARACTER SET utf8mb4 COLLATE utf8mb4_0900_ai_ci NULL DEFAULT '0' COMMENT 'еҲ йҷӨж Үеҝ—пјҲ0д»ЈиЎЁеӯҳеңЁ 2д»ЈиЎЁеҲ йҷӨпјү',
  `create_by` varchar(64) CHARACTER SET utf8mb4 COLLATE utf8mb4_0900_ai_ci NULL DEFAULT '' COMMENT 'еҲӣе»әиҖ…',
  `create_time` datetime NULL DEFAULT NULL COMMENT 'еҲӣе»әж—¶й—ҙ',
  `update_by` varchar(64) CHARACTER SET utf8mb4 COLLATE utf8mb4_0900_ai_ci NULL DEFAULT '' COMMENT 'жӣҙж–°иҖ…',
  `update_time` datetime NULL DEFAULT NULL COMMENT 'жӣҙж–°ж—¶й—ҙ',
  PRIMARY KEY (`dept_id`) USING BTREE
) ENGINE = InnoDB AUTO_INCREMENT = 200 CHARACTER SET = utf8mb4 COLLATE = utf8mb4_0900_ai_ci COMMENT = 'йғЁй—ЁиЎЁ' ROW_FORMAT = DYNAMIC;

-- ----------------------------
-- Records of sys_dept
-- ----------------------------
INSERT INTO `sys_dept` VALUES (100, 0, '0', 'ж№–еҢ—ж–ҮзҗҶеӯҰйҷў', 0, 'ж Ўй•ҝеҠһе…¬е®Ө', '13800138001', 'office@hbuas.edu.cn', '0', '0', 'admin', '2025-12-18 18:02:59', 'admin', '2026-04-12 23:24:47');
INSERT INTO `sys_dept` VALUES (101, 100, '0,100', 'и®Ўз®—жңәе·ҘзЁӢеӯҰйҷў', 1, 'зҺӢйҷўй•ҝ', '13800138004', 'cs@hbuas.edu.cn', '0', '0', 'admin', '2025-12-18 18:02:59', 'admin', '2026-04-12 23:24:47');
INSERT INTO `sys_dept` VALUES (102, 100, '0,100', 'з®ЎзҗҶеӯҰйҷў', 2, 'иөөйҷўй•ҝ', '13800138005', 'manage@hbuas.edu.cn', '0', '0', 'admin', '2025-12-18 18:02:59', 'admin', '2026-04-12 23:24:47');
INSERT INTO `sys_dept` VALUES (103, 101, '0,100,101', 'зү©иҒ”зҪ‘е·ҘзЁӢ2432зҸӯ', 1, 'жқҺиҖҒеёҲ', '13800138003', 'iot2432@hbuas.edu.cn', '0', '0', 'admin', '2025-12-18 18:02:59', 'admin', '2026-04-12 23:24:47');
INSERT INTO `sys_dept` VALUES (104, 101, '0,100,101', 'иҪҜд»¶е·ҘзЁӢ2431зҸӯ', 2, 'е‘ЁиҖҒеёҲ', '13800138006', 'se2431@hbuas.edu.cn', '0', '0', 'admin', '2025-12-18 18:02:59', 'admin', '2026-04-12 23:24:47');
INSERT INTO `sys_dept` VALUES (105, 101, '0,100,101', 'ж•°жҚ®з§‘еӯҰ2311зҸӯ', 3, 'йҷҲиҖҒеёҲ', '13800138007', 'ds2311@hbuas.edu.cn', '0', '0', 'admin', '2025-12-18 18:02:59', 'admin', '2026-04-12 23:24:47');
INSERT INTO `sys_dept` VALUES (106, 100, '0,100', 'ж ЎеӣӯдҝЎжҒҜдёӯеҝғ', 3, 'зі»з»ҹе№іеҸ°дё»з®Ў', '13800138008', 'it@hbuas.edu.cn', '0', '0', 'admin', '2025-12-18 18:02:59', 'admin', '2026-04-12 23:24:47');
INSERT INTO `sys_dept` VALUES (107, 100, '0,100', 'еӯҰз”ҹе·ҘдҪңеӨ„', 4, 'иҫ…еҜје‘ҳеҠһе…¬е®Ө', '13800138009', 'student@hbuas.edu.cn', '0', '0', 'admin', '2025-12-18 18:02:59', 'admin', '2026-04-12 23:24:47');
INSERT INTO `sys_dept` VALUES (108, 100, '0,100', 'ж–ҮеӯҰйҷў', 5, 'еҲҳйҷўй•ҝ', '13800138010', 'arts@hbuas.edu.cn', '0', '0', 'admin', '2025-12-18 18:02:59', 'admin', '2026-04-12 23:24:47');
INSERT INTO `sys_dept` VALUES (109, 100, '0,100', 'еӣҪйҷ…ж•ҷиӮІеӯҰйҷў', 6, 'еӯҷйҷўй•ҝ', '13800138011', 'global@hbuas.edu.cn', '0', '0', 'admin', '2025-12-18 18:02:59', 'admin', '2026-04-12 23:24:47');

-- ----------------------------
-- Table structure for sys_dict_data
-- ----------------------------
DROP TABLE IF EXISTS `sys_dict_data`;
CREATE TABLE `sys_dict_data`  (
  `dict_code` bigint NOT NULL AUTO_INCREMENT COMMENT 'еӯ—е…ёзј–з Ғ',
  `dict_sort` int NULL DEFAULT 0 COMMENT 'еӯ—е…ёжҺ’еәҸ',
  `dict_label` varchar(100) CHARACTER SET utf8mb4 COLLATE utf8mb4_0900_ai_ci NULL DEFAULT '' COMMENT 'еӯ—е…ёж Үзӯҫ',
  `dict_value` varchar(100) CHARACTER SET utf8mb4 COLLATE utf8mb4_0900_ai_ci NULL DEFAULT '' COMMENT 'еӯ—е…ёй”®еҖј',
  `dict_type` varchar(100) CHARACTER SET utf8mb4 COLLATE utf8mb4_0900_ai_ci NULL DEFAULT '' COMMENT 'еӯ—е…ёзұ»еһӢ',
  `css_class` varchar(100) CHARACTER SET utf8mb4 COLLATE utf8mb4_0900_ai_ci NULL DEFAULT NULL COMMENT 'ж ·ејҸеұһжҖ§пјҲе…¶д»–ж ·ејҸжү©еұ•пјү',
  `list_class` varchar(100) CHARACTER SET utf8mb4 COLLATE utf8mb4_0900_ai_ci NULL DEFAULT NULL COMMENT 'иЎЁж јеӣһжҳҫж ·ејҸ',
  `is_default` char(1) CHARACTER SET utf8mb4 COLLATE utf8mb4_0900_ai_ci NULL DEFAULT 'N' COMMENT 'жҳҜеҗҰй»ҳи®ӨпјҲYжҳҜ NеҗҰпјү',
  `status` char(1) CHARACTER SET utf8mb4 COLLATE utf8mb4_0900_ai_ci NULL DEFAULT '0' COMMENT 'зҠ¶жҖҒпјҲ0жӯЈеёё 1еҒңз”Ёпјү',
  `create_by` varchar(64) CHARACTER SET utf8mb4 COLLATE utf8mb4_0900_ai_ci NULL DEFAULT '' COMMENT 'еҲӣе»әиҖ…',
  `create_time` datetime NULL DEFAULT NULL COMMENT 'еҲӣе»әж—¶й—ҙ',
  `update_by` varchar(64) CHARACTER SET utf8mb4 COLLATE utf8mb4_0900_ai_ci NULL DEFAULT '' COMMENT 'жӣҙж–°иҖ…',
  `update_time` datetime NULL DEFAULT NULL COMMENT 'жӣҙж–°ж—¶й—ҙ',
  `remark` varchar(500) CHARACTER SET utf8mb4 COLLATE utf8mb4_0900_ai_ci NULL DEFAULT NULL COMMENT 'еӨҮжіЁ',
  PRIMARY KEY (`dict_code`) USING BTREE
) ENGINE = InnoDB AUTO_INCREMENT = 124 CHARACTER SET = utf8mb4 COLLATE = utf8mb4_0900_ai_ci COMMENT = 'еӯ—е…ёж•°жҚ®иЎЁ' ROW_FORMAT = DYNAMIC;

-- ----------------------------
-- Records of sys_dict_data
-- ----------------------------
INSERT INTO `sys_dict_data` VALUES (1, 1, 'з”·', '0', 'sys_user_sex', '', '', 'Y', '0', 'admin', '2025-12-18 18:03:00', '', NULL, 'жҖ§еҲ«з”·');
INSERT INTO `sys_dict_data` VALUES (2, 2, 'еҘі', '1', 'sys_user_sex', '', '', 'N', '0', 'admin', '2025-12-18 18:03:00', '', NULL, 'жҖ§еҲ«еҘі');
INSERT INTO `sys_dict_data` VALUES (3, 3, 'жңӘзҹҘ', '2', 'sys_user_sex', '', '', 'N', '0', 'admin', '2025-12-18 18:03:00', '', NULL, 'жҖ§еҲ«жңӘзҹҘ');
INSERT INTO `sys_dict_data` VALUES (4, 1, 'жҳҫзӨә', '0', 'sys_show_hide', '', 'primary', 'Y', '0', 'admin', '2025-12-18 18:03:00', '', NULL, 'жҳҫзӨәиҸңеҚ•');
INSERT INTO `sys_dict_data` VALUES (5, 2, 'йҡҗи—Ҹ', '1', 'sys_show_hide', '', 'danger', 'N', '0', 'admin', '2025-12-18 18:03:00', '', NULL, 'йҡҗи—ҸиҸңеҚ•');
INSERT INTO `sys_dict_data` VALUES (6, 1, 'жӯЈеёё', '0', 'sys_normal_disable', '', 'primary', 'Y', '0', 'admin', '2025-12-18 18:03:00', '', NULL, 'жӯЈеёёзҠ¶жҖҒ');
INSERT INTO `sys_dict_data` VALUES (7, 2, 'еҒңз”Ё', '1', 'sys_normal_disable', '', 'danger', 'N', '0', 'admin', '2025-12-18 18:03:00', '', NULL, 'еҒңз”ЁзҠ¶жҖҒ');
INSERT INTO `sys_dict_data` VALUES (8, 1, 'жӯЈеёё', '0', 'sys_job_status', '', 'primary', 'Y', '0', 'admin', '2025-12-18 18:03:00', '', NULL, 'жӯЈеёёзҠ¶жҖҒ');
INSERT INTO `sys_dict_data` VALUES (9, 2, 'жҡӮеҒң', '1', 'sys_job_status', '', 'danger', 'N', '0', 'admin', '2025-12-18 18:03:00', '', NULL, 'еҒңз”ЁзҠ¶жҖҒ');
INSERT INTO `sys_dict_data` VALUES (10, 1, 'й»ҳи®Ө', 'DEFAULT', 'sys_job_group', '', '', 'Y', '0', 'admin', '2025-12-18 18:03:00', '', NULL, 'й»ҳи®ӨеҲҶз»„');
INSERT INTO `sys_dict_data` VALUES (11, 2, 'зі»з»ҹ', 'SYSTEM', 'sys_job_group', '', '', 'N', '0', 'admin', '2025-12-18 18:03:00', '', NULL, 'зі»з»ҹеҲҶз»„');
INSERT INTO `sys_dict_data` VALUES (12, 1, 'жҳҜ', 'Y', 'sys_yes_no', '', 'primary', 'Y', '0', 'admin', '2025-12-18 18:03:00', '', NULL, 'зі»з»ҹй»ҳи®ӨжҳҜ');
INSERT INTO `sys_dict_data` VALUES (13, 2, 'еҗҰ', 'N', 'sys_yes_no', '', 'danger', 'N', '0', 'admin', '2025-12-18 18:03:00', '', NULL, 'зі»з»ҹй»ҳи®ӨеҗҰ');
INSERT INTO `sys_dict_data` VALUES (14, 1, 'йҖҡзҹҘ', '1', 'sys_notice_type', '', 'warning', 'Y', '0', 'admin', '2025-12-18 18:03:00', '', NULL, 'йҖҡзҹҘ');
INSERT INTO `sys_dict_data` VALUES (15, 2, 'е…¬е‘Ҡ', '2', 'sys_notice_type', '', 'success', 'N', '0', 'admin', '2025-12-18 18:03:00', '', NULL, 'е…¬е‘Ҡ');
INSERT INTO `sys_dict_data` VALUES (16, 1, 'жӯЈеёё', '0', 'sys_notice_status', '', 'primary', 'Y', '0', 'admin', '2025-12-18 18:03:00', '', NULL, 'жӯЈеёёзҠ¶жҖҒ');
INSERT INTO `sys_dict_data` VALUES (17, 2, 'е…ій—ӯ', '1', 'sys_notice_status', '', 'danger', 'N', '0', 'admin', '2025-12-18 18:03:00', '', NULL, 'е…ій—ӯзҠ¶жҖҒ');
INSERT INTO `sys_dict_data` VALUES (18, 99, 'е…¶д»–', '0', 'sys_oper_type', '', 'info', 'N', '0', 'admin', '2025-12-18 18:03:00', '', NULL, 'е…¶д»–ж“ҚдҪң');
INSERT INTO `sys_dict_data` VALUES (19, 1, 'ж–°еўһ', '1', 'sys_oper_type', '', 'info', 'N', '0', 'admin', '2025-12-18 18:03:00', '', NULL, 'ж–°еўһж“ҚдҪң');
INSERT INTO `sys_dict_data` VALUES (20, 2, 'дҝ®ж”№', '2', 'sys_oper_type', '', 'info', 'N', '0', 'admin', '2025-12-18 18:03:00', '', NULL, 'дҝ®ж”№ж“ҚдҪң');
INSERT INTO `sys_dict_data` VALUES (21, 3, 'еҲ йҷӨ', '3', 'sys_oper_type', '', 'danger', 'N', '0', 'admin', '2025-12-18 18:03:00', '', NULL, 'еҲ йҷӨж“ҚдҪң');
INSERT INTO `sys_dict_data` VALUES (22, 4, 'жҺҲжқғ', '4', 'sys_oper_type', '', 'primary', 'N', '0', 'admin', '2025-12-18 18:03:00', '', NULL, 'жҺҲжқғж“ҚдҪң');
INSERT INTO `sys_dict_data` VALUES (23, 5, 'еҜјеҮә', '5', 'sys_oper_type', '', 'warning', 'N', '0', 'admin', '2025-12-18 18:03:00', '', NULL, 'еҜјеҮәж“ҚдҪң');
INSERT INTO `sys_dict_data` VALUES (24, 6, 'еҜје…Ҙ', '6', 'sys_oper_type', '', 'warning', 'N', '0', 'admin', '2025-12-18 18:03:00', '', NULL, 'еҜје…Ҙж“ҚдҪң');
INSERT INTO `sys_dict_data` VALUES (25, 7, 'ејәйҖҖ', '7', 'sys_oper_type', '', 'danger', 'N', '0', 'admin', '2025-12-18 18:03:00', '', NULL, 'ејәйҖҖж“ҚдҪң');
INSERT INTO `sys_dict_data` VALUES (26, 8, 'з”ҹжҲҗд»Јз Ғ', '8', 'sys_oper_type', '', 'warning', 'N', '0', 'admin', '2025-12-18 18:03:00', '', NULL, 'з”ҹжҲҗж“ҚдҪң');
INSERT INTO `sys_dict_data` VALUES (27, 9, 'жё…з©әж•°жҚ®', '9', 'sys_oper_type', '', 'danger', 'N', '0', 'admin', '2025-12-18 18:03:00', '', NULL, 'жё…з©әж“ҚдҪң');
INSERT INTO `sys_dict_data` VALUES (28, 1, 'жҲҗеҠҹ', '0', 'sys_common_status', '', 'primary', 'N', '0', 'admin', '2025-12-18 18:03:00', '', NULL, 'жӯЈеёёзҠ¶жҖҒ');
INSERT INTO `sys_dict_data` VALUES (29, 2, 'еӨұиҙҘ', '1', 'sys_common_status', '', 'danger', 'N', '0', 'admin', '2025-12-18 18:03:00', '', NULL, 'еҒңз”ЁзҠ¶жҖҒ');
INSERT INTO `sys_dict_data` VALUES (102, 1, 'еҫ…еӨ„зҗҶ', '0', 'campus_task_status', '', 'info', 'Y', '0', 'admin', '2026-04-12 23:24:48', '', NULL, 'д»»еҠЎеҲқе§ӢзҠ¶жҖҒ');
INSERT INTO `sys_dict_data` VALUES (103, 2, 'иҝӣиЎҢдёӯ', '1', 'campus_task_status', '', 'warning', 'N', '0', 'admin', '2026-04-12 23:24:48', '', NULL, 'д»»еҠЎжү§иЎҢдёӯзҠ¶жҖҒ');
INSERT INTO `sys_dict_data` VALUES (104, 3, 'е·Іе®ҢжҲҗ', '2', 'campus_task_status', '', 'success', 'N', '0', 'admin', '2026-04-12 23:24:48', '', NULL, 'д»»еҠЎе®ҢжҲҗзҠ¶жҖҒ');
INSERT INTO `sys_dict_data` VALUES (105, 4, 'е·ІеҸ–ж¶Ҳ', '3', 'campus_task_status', '', 'info', 'N', '0', 'admin', '2026-04-12 23:24:48', '', NULL, 'д»»еҠЎеҸ–ж¶ҲзҠ¶жҖҒ');
INSERT INTO `sys_dict_data` VALUES (106, 1, 'дҪҺ', '0', 'campus_task_priority', '', 'info', 'N', '0', 'admin', '2026-04-12 23:24:48', '', NULL, 'дҪҺдјҳе…Ҳзә§д»»еҠЎ');
INSERT INTO `sys_dict_data` VALUES (107, 2, 'дёӯ', '1', 'campus_task_priority', '', 'primary', 'Y', '0', 'admin', '2026-04-12 23:24:48', '', NULL, 'дёӯдјҳе…Ҳзә§д»»еҠЎ');
INSERT INTO `sys_dict_data` VALUES (108, 3, 'й«ҳ', '2', 'campus_task_priority', '', 'warning', 'N', '0', 'admin', '2026-04-12 23:24:48', '', NULL, 'й«ҳдјҳе…Ҳзә§д»»еҠЎ');
INSERT INTO `sys_dict_data` VALUES (109, 4, 'зҙ§жҖҘ', '3', 'campus_task_priority', '', 'danger', 'N', '0', 'admin', '2026-04-12 23:24:48', '', NULL, 'зҙ§жҖҘд»»еҠЎ');
INSERT INTO `sys_dict_data` VALUES (110, 1, 'ж•ҷеӯҰиө„ж–ҷ', '1', 'campus_file_category', '', 'primary', 'Y', '0', 'admin', '2026-04-12 23:24:48', '', NULL, 'иҜҫзЁӢдёҺж•ҷеӯҰиө„ж–ҷ');
INSERT INTO `sys_dict_data` VALUES (111, 2, 'дҪңдёҡж–ҮжЎЈ', '2', 'campus_file_category', '', 'success', 'N', '0', 'admin', '2026-04-12 23:24:48', '', NULL, 'дҪңдёҡдёҺжҲҗжһңж–Үд»¶');
INSERT INTO `sys_dict_data` VALUES (112, 3, 'йҖҡзҹҘж–Үд»¶', '3', 'campus_file_category', '', 'warning', 'N', '0', 'admin', '2026-04-12 23:24:48', '', NULL, 'йҖҡзҹҘдёҺе…¬е‘Ҡйҷ„д»¶');
INSERT INTO `sys_dict_data` VALUES (113, 4, 'е…¶д»–', '4', 'campus_file_category', '', 'info', 'N', '0', 'admin', '2026-04-12 23:24:48', '', NULL, 'е…¶д»–дёҡеҠЎж–Үд»¶');
INSERT INTO `sys_dict_data` VALUES (114, 1, 'е…Ёе‘ҳеҸҜи§Ғ', '0', 'campus_file_scope', '', 'primary', 'Y', '0', 'admin', '2026-04-12 23:24:48', '', NULL, 'еёҲз”ҹеқҮеҸҜи®ҝй—®');
INSERT INTO `sys_dict_data` VALUES (115, 2, 'д»…ж•ҷеёҲеҸҜи§Ғ', '1', 'campus_file_scope', '', 'warning', 'N', '0', 'admin', '2026-04-12 23:24:48', '', NULL, 'д»…ж•ҷеёҲдёҺз®ЎзҗҶе‘ҳеҸҜи§Ғ');
INSERT INTO `sys_dict_data` VALUES (116, 3, 'д»…з®ЎзҗҶе‘ҳеҸҜи§Ғ', '2', 'campus_file_scope', '', 'danger', 'N', '0', 'admin', '2026-04-12 23:24:48', '', NULL, 'д»…з®ЎзҗҶе‘ҳеҸҜи§Ғ');
INSERT INTO `sys_dict_data` VALUES (117, 1, 'дәӢеҒҮ', '1', 'campus_leave_type', '', 'primary', 'Y', '0', 'admin', '2026-04-12 23:24:48', '', NULL, 'дёӘдәәдәӢеҠЎиҜ·еҒҮ');
INSERT INTO `sys_dict_data` VALUES (118, 2, 'з—…еҒҮ', '2', 'campus_leave_type', '', 'danger', 'N', '0', 'admin', '2026-04-12 23:24:48', '', NULL, 'иә«дҪ“дёҚйҖӮиҜ·еҒҮ');
INSERT INTO `sys_dict_data` VALUES (119, 3, 'е…¶д»–', '3', 'campus_leave_type', '', 'info', 'N', '0', 'admin', '2026-04-12 23:24:48', '', NULL, 'е…¶д»–еҺҹеӣ иҜ·еҒҮ');
INSERT INTO `sys_dict_data` VALUES (120, 1, 'еҫ…е®Ўжү№', '0', 'campus_leave_status', '', 'warning', 'Y', '0', 'admin', '2026-04-12 23:24:48', '', NULL, 'иҜ·еҒҮжҸҗдәӨеҗҺеҫ…е®Ўжү№');
INSERT INTO `sys_dict_data` VALUES (121, 2, 'е·Іжү№еҮҶ', '1', 'campus_leave_status', '', 'success', 'N', '0', 'admin', '2026-04-12 23:24:48', '', NULL, 'иҜ·еҒҮе·Іжү№еҮҶ');
INSERT INTO `sys_dict_data` VALUES (122, 3, 'е·Ій©іеӣһ', '2', 'campus_leave_status', '', 'danger', 'N', '0', 'admin', '2026-04-12 23:24:48', '', NULL, 'иҜ·еҒҮиў«й©іеӣһ');
INSERT INTO `sys_dict_data` VALUES (123, 4, 'е·Іж’Өеӣһ', '3', 'campus_leave_status', '', 'info', 'N', '0', 'admin', '2026-04-12 23:24:48', '', NULL, 'иҜ·еҒҮе·Іж’Өеӣһ');

-- ----------------------------
-- Table structure for sys_dict_type
-- ----------------------------
DROP TABLE IF EXISTS `sys_dict_type`;
CREATE TABLE `sys_dict_type`  (
  `dict_id` bigint NOT NULL AUTO_INCREMENT COMMENT 'еӯ—е…ёдё»й”®',
  `dict_name` varchar(100) CHARACTER SET utf8mb4 COLLATE utf8mb4_0900_ai_ci NULL DEFAULT '' COMMENT 'еӯ—е…ёеҗҚз§°',
  `dict_type` varchar(100) CHARACTER SET utf8mb4 COLLATE utf8mb4_0900_ai_ci NULL DEFAULT '' COMMENT 'еӯ—е…ёзұ»еһӢ',
  `status` char(1) CHARACTER SET utf8mb4 COLLATE utf8mb4_0900_ai_ci NULL DEFAULT '0' COMMENT 'зҠ¶жҖҒпјҲ0жӯЈеёё 1еҒңз”Ёпјү',
  `create_by` varchar(64) CHARACTER SET utf8mb4 COLLATE utf8mb4_0900_ai_ci NULL DEFAULT '' COMMENT 'еҲӣе»әиҖ…',
  `create_time` datetime NULL DEFAULT NULL COMMENT 'еҲӣе»әж—¶й—ҙ',
  `update_by` varchar(64) CHARACTER SET utf8mb4 COLLATE utf8mb4_0900_ai_ci NULL DEFAULT '' COMMENT 'жӣҙж–°иҖ…',
  `update_time` datetime NULL DEFAULT NULL COMMENT 'жӣҙж–°ж—¶й—ҙ',
  `remark` varchar(500) CHARACTER SET utf8mb4 COLLATE utf8mb4_0900_ai_ci NULL DEFAULT NULL COMMENT 'еӨҮжіЁ',
  PRIMARY KEY (`dict_id`) USING BTREE,
  UNIQUE INDEX `dict_type`(`dict_type` ASC) USING BTREE
) ENGINE = InnoDB AUTO_INCREMENT = 107 CHARACTER SET = utf8mb4 COLLATE = utf8mb4_0900_ai_ci COMMENT = 'еӯ—е…ёзұ»еһӢиЎЁ' ROW_FORMAT = DYNAMIC;

-- ----------------------------
-- Records of sys_dict_type
-- ----------------------------
INSERT INTO `sys_dict_type` VALUES (1, 'з”ЁжҲ·жҖ§еҲ«', 'sys_user_sex', '0', 'admin', '2025-12-18 18:03:00', '', NULL, 'з”ЁжҲ·жҖ§еҲ«еҲ—иЎЁ');
INSERT INTO `sys_dict_type` VALUES (2, 'иҸңеҚ•зҠ¶жҖҒ', 'sys_show_hide', '0', 'admin', '2025-12-18 18:03:00', '', NULL, 'иҸңеҚ•зҠ¶жҖҒеҲ—иЎЁ');
INSERT INTO `sys_dict_type` VALUES (3, 'зі»з»ҹејҖе…і', 'sys_normal_disable', '0', 'admin', '2025-12-18 18:03:00', '', NULL, 'зі»з»ҹејҖе…іеҲ—иЎЁ');
INSERT INTO `sys_dict_type` VALUES (4, 'д»»еҠЎзҠ¶жҖҒ', 'sys_job_status', '0', 'admin', '2025-12-18 18:03:00', '', NULL, 'д»»еҠЎзҠ¶жҖҒеҲ—иЎЁ');
INSERT INTO `sys_dict_type` VALUES (5, 'д»»еҠЎеҲҶз»„', 'sys_job_group', '0', 'admin', '2025-12-18 18:03:00', '', NULL, 'д»»еҠЎеҲҶз»„еҲ—иЎЁ');
INSERT INTO `sys_dict_type` VALUES (6, 'зі»з»ҹжҳҜеҗҰ', 'sys_yes_no', '0', 'admin', '2025-12-18 18:03:00', '', NULL, 'зі»з»ҹжҳҜеҗҰеҲ—иЎЁ');
INSERT INTO `sys_dict_type` VALUES (7, 'йҖҡзҹҘзұ»еһӢ', 'sys_notice_type', '0', 'admin', '2025-12-18 18:03:00', '', NULL, 'йҖҡзҹҘзұ»еһӢеҲ—иЎЁ');
INSERT INTO `sys_dict_type` VALUES (8, 'йҖҡзҹҘзҠ¶жҖҒ', 'sys_notice_status', '0', 'admin', '2025-12-18 18:03:00', '', NULL, 'йҖҡзҹҘзҠ¶жҖҒеҲ—иЎЁ');
INSERT INTO `sys_dict_type` VALUES (9, 'ж“ҚдҪңзұ»еһӢ', 'sys_oper_type', '0', 'admin', '2025-12-18 18:03:00', '', NULL, 'ж“ҚдҪңзұ»еһӢеҲ—иЎЁ');
INSERT INTO `sys_dict_type` VALUES (10, 'зі»з»ҹзҠ¶жҖҒ', 'sys_common_status', '0', 'admin', '2025-12-18 18:03:00', '', NULL, 'зҷ»еҪ•зҠ¶жҖҒеҲ—иЎЁ');
INSERT INTO `sys_dict_type` VALUES (101, 'д»»еҠЎзҠ¶жҖҒ', 'campus_task_status', '0', 'admin', '2026-04-12 23:24:48', '', NULL, 'ж ЎеӣӯеҚҸеҗҢе·ҘдҪңе№іеҸ°д»»еҠЎзҠ¶жҖҒ');
INSERT INTO `sys_dict_type` VALUES (102, 'д»»еҠЎдјҳе…Ҳзә§', 'campus_task_priority', '0', 'admin', '2026-04-12 23:24:48', '', NULL, 'ж ЎеӣӯеҚҸеҗҢе·ҘдҪңе№іеҸ°д»»еҠЎдјҳе…Ҳзә§');
INSERT INTO `sys_dict_type` VALUES (103, 'ж–Үд»¶еҲҶзұ»', 'campus_file_category', '0', 'admin', '2026-04-12 23:24:48', '', NULL, 'ж ЎеӣӯеҚҸеҗҢе·ҘдҪңе№іеҸ°ж–Үд»¶еҲҶзұ»');
INSERT INTO `sys_dict_type` VALUES (104, 'ж–Үд»¶и®ҝй—®иҢғеӣҙ', 'campus_file_scope', '0', 'admin', '2026-04-12 23:24:48', '', NULL, 'ж ЎеӣӯеҚҸеҗҢе·ҘдҪңе№іеҸ°ж–Үд»¶и®ҝй—®иҢғеӣҙ');
INSERT INTO `sys_dict_type` VALUES (105, 'иҜ·еҒҮзұ»еһӢ', 'campus_leave_type', '0', 'admin', '2026-04-12 23:24:48', '', NULL, 'ж ЎеӣӯеҚҸеҗҢе·ҘдҪңе№іеҸ°иҜ·еҒҮзұ»еһӢ');
INSERT INTO `sys_dict_type` VALUES (106, 'иҜ·еҒҮзҠ¶жҖҒ', 'campus_leave_status', '0', 'admin', '2026-04-12 23:24:48', '', NULL, 'ж ЎеӣӯеҚҸеҗҢе·ҘдҪңе№іеҸ°иҜ·еҒҮзҠ¶жҖҒ');

-- ----------------------------
-- Table structure for sys_job
-- ----------------------------
DROP TABLE IF EXISTS `sys_job`;
CREATE TABLE `sys_job`  (
  `job_id` bigint NOT NULL AUTO_INCREMENT COMMENT 'д»»еҠЎID',
  `job_name` varchar(64) CHARACTER SET utf8mb4 COLLATE utf8mb4_0900_ai_ci NOT NULL DEFAULT '' COMMENT 'д»»еҠЎеҗҚз§°',
  `job_group` varchar(64) CHARACTER SET utf8mb4 COLLATE utf8mb4_0900_ai_ci NOT NULL DEFAULT 'DEFAULT' COMMENT 'д»»еҠЎз»„еҗҚ',
  `invoke_target` varchar(500) CHARACTER SET utf8mb4 COLLATE utf8mb4_0900_ai_ci NOT NULL COMMENT 'и°ғз”Ёзӣ®ж Үеӯ—з¬ҰдёІ',
  `cron_expression` varchar(255) CHARACTER SET utf8mb4 COLLATE utf8mb4_0900_ai_ci NULL DEFAULT '' COMMENT 'cronжү§иЎҢиЎЁиҫҫејҸ',
  `misfire_policy` varchar(20) CHARACTER SET utf8mb4 COLLATE utf8mb4_0900_ai_ci NULL DEFAULT '3' COMMENT 'и®ЎеҲ’жү§иЎҢй”ҷиҜҜзӯ–з•ҘпјҲ1з«ӢеҚіжү§иЎҢ 2жү§иЎҢдёҖж¬Ў 3ж”ҫејғжү§иЎҢпјү',
  `concurrent` char(1) CHARACTER SET utf8mb4 COLLATE utf8mb4_0900_ai_ci NULL DEFAULT '1' COMMENT 'жҳҜеҗҰе№¶еҸ‘жү§иЎҢпјҲ0е…Ғи®ё 1зҰҒжӯўпјү',
  `status` char(1) CHARACTER SET utf8mb4 COLLATE utf8mb4_0900_ai_ci NULL DEFAULT '0' COMMENT 'зҠ¶жҖҒпјҲ0жӯЈеёё 1жҡӮеҒңпјү',
  `create_by` varchar(64) CHARACTER SET utf8mb4 COLLATE utf8mb4_0900_ai_ci NULL DEFAULT '' COMMENT 'еҲӣе»әиҖ…',
  `create_time` datetime NULL DEFAULT NULL COMMENT 'еҲӣе»әж—¶й—ҙ',
  `update_by` varchar(64) CHARACTER SET utf8mb4 COLLATE utf8mb4_0900_ai_ci NULL DEFAULT '' COMMENT 'жӣҙж–°иҖ…',
  `update_time` datetime NULL DEFAULT NULL COMMENT 'жӣҙж–°ж—¶й—ҙ',
  `remark` varchar(500) CHARACTER SET utf8mb4 COLLATE utf8mb4_0900_ai_ci NULL DEFAULT '' COMMENT 'еӨҮжіЁдҝЎжҒҜ',
  PRIMARY KEY (`job_id`, `job_name`, `job_group`) USING BTREE
) ENGINE = InnoDB AUTO_INCREMENT = 100 CHARACTER SET = utf8mb4 COLLATE = utf8mb4_0900_ai_ci COMMENT = 'е®ҡж—¶д»»еҠЎи°ғеәҰиЎЁ' ROW_FORMAT = DYNAMIC;

-- ----------------------------
-- Records of sys_job
-- ----------------------------
INSERT INTO `sys_job` VALUES (1, 'зі»з»ҹй»ҳи®ӨпјҲж— еҸӮпјү', 'DEFAULT', 'ryTask.ryNoParams', '0/10 * * * * ?', '3', '1', '1', 'admin', '2025-12-18 18:03:01', '', NULL, '');
INSERT INTO `sys_job` VALUES (2, 'зі»з»ҹй»ҳи®ӨпјҲжңүеҸӮпјү', 'DEFAULT', 'ryTask.ryParams(\'ry\')', '0/15 * * * * ?', '3', '1', '1', 'admin', '2025-12-18 18:03:01', '', NULL, '');
INSERT INTO `sys_job` VALUES (3, 'зі»з»ҹй»ҳи®ӨпјҲеӨҡеҸӮпјү', 'DEFAULT', 'ryTask.ryMultipleParams(\'ry\', true, 2000L, 316.50D, 100)', '0/20 * * * * ?', '3', '1', '1', 'admin', '2025-12-18 18:03:01', '', NULL, '');

-- ----------------------------
-- Table structure for sys_job_log
-- ----------------------------
DROP TABLE IF EXISTS `sys_job_log`;
CREATE TABLE `sys_job_log`  (
  `job_log_id` bigint NOT NULL AUTO_INCREMENT COMMENT 'д»»еҠЎж—Ҙеҝ—ID',
  `job_name` varchar(64) CHARACTER SET utf8mb4 COLLATE utf8mb4_0900_ai_ci NOT NULL COMMENT 'д»»еҠЎеҗҚз§°',
  `job_group` varchar(64) CHARACTER SET utf8mb4 COLLATE utf8mb4_0900_ai_ci NOT NULL COMMENT 'д»»еҠЎз»„еҗҚ',
  `invoke_target` varchar(500) CHARACTER SET utf8mb4 COLLATE utf8mb4_0900_ai_ci NOT NULL COMMENT 'и°ғз”Ёзӣ®ж Үеӯ—з¬ҰдёІ',
  `job_message` varchar(500) CHARACTER SET utf8mb4 COLLATE utf8mb4_0900_ai_ci NULL DEFAULT NULL COMMENT 'ж—Ҙеҝ—дҝЎжҒҜ',
  `status` char(1) CHARACTER SET utf8mb4 COLLATE utf8mb4_0900_ai_ci NULL DEFAULT '0' COMMENT 'жү§иЎҢзҠ¶жҖҒпјҲ0жӯЈеёё 1еӨұиҙҘпјү',
  `exception_info` varchar(2000) CHARACTER SET utf8mb4 COLLATE utf8mb4_0900_ai_ci NULL DEFAULT '' COMMENT 'ејӮеёёдҝЎжҒҜ',
  `create_time` datetime NULL DEFAULT NULL COMMENT 'еҲӣе»әж—¶й—ҙ',
  PRIMARY KEY (`job_log_id`) USING BTREE
) ENGINE = InnoDB CHARACTER SET = utf8mb4 COLLATE = utf8mb4_0900_ai_ci COMMENT = 'е®ҡж—¶д»»еҠЎи°ғеәҰж—Ҙеҝ—иЎЁ' ROW_FORMAT = DYNAMIC;

-- ----------------------------
-- Records of sys_job_log
-- ----------------------------

-- ----------------------------
-- Table structure for sys_logininfor
-- ----------------------------
DROP TABLE IF EXISTS `sys_logininfor`;
CREATE TABLE `sys_logininfor`  (
  `info_id` bigint NOT NULL AUTO_INCREMENT COMMENT 'и®ҝй—®ID',
  `user_name` varchar(50) CHARACTER SET utf8mb4 COLLATE utf8mb4_0900_ai_ci NULL DEFAULT '' COMMENT 'з”ЁжҲ·иҙҰеҸ·',
  `ipaddr` varchar(128) CHARACTER SET utf8mb4 COLLATE utf8mb4_0900_ai_ci NULL DEFAULT '' COMMENT 'зҷ»еҪ•IPең°еқҖ',
  `login_location` varchar(255) CHARACTER SET utf8mb4 COLLATE utf8mb4_0900_ai_ci NULL DEFAULT '' COMMENT 'зҷ»еҪ•ең°зӮ№',
  `browser` varchar(50) CHARACTER SET utf8mb4 COLLATE utf8mb4_0900_ai_ci NULL DEFAULT '' COMMENT 'жөҸи§ҲеҷЁзұ»еһӢ',
  `os` varchar(50) CHARACTER SET utf8mb4 COLLATE utf8mb4_0900_ai_ci NULL DEFAULT '' COMMENT 'ж“ҚдҪңзі»з»ҹ',
  `status` char(1) CHARACTER SET utf8mb4 COLLATE utf8mb4_0900_ai_ci NULL DEFAULT '0' COMMENT 'зҷ»еҪ•зҠ¶жҖҒпјҲ0жҲҗеҠҹ 1еӨұиҙҘпјү',
  `msg` varchar(255) CHARACTER SET utf8mb4 COLLATE utf8mb4_0900_ai_ci NULL DEFAULT '' COMMENT 'жҸҗзӨәж¶ҲжҒҜ',
  `login_time` datetime NULL DEFAULT NULL COMMENT 'и®ҝй—®ж—¶й—ҙ',
  PRIMARY KEY (`info_id`) USING BTREE,
  INDEX `idx_sys_logininfor_s`(`status` ASC) USING BTREE,
  INDEX `idx_sys_logininfor_lt`(`login_time` ASC) USING BTREE
) ENGINE = InnoDB AUTO_INCREMENT = 141 CHARACTER SET = utf8mb4 COLLATE = utf8mb4_0900_ai_ci COMMENT = 'зі»з»ҹи®ҝй—®и®°еҪ•' ROW_FORMAT = DYNAMIC;

-- ----------------------------
-- Records of sys_logininfor
-- ----------------------------
INSERT INTO `sys_logininfor` VALUES (100, 'admin', '127.0.0.1', 'еҶ…зҪ‘IP', 'Chrome 143', 'Windows10', '0', 'зҷ»еҪ•жҲҗеҠҹ', NULL);
INSERT INTO `sys_logininfor` VALUES (101, 'admin', '127.0.0.1', 'еҶ…зҪ‘IP', 'Chrome 143', 'Windows10', '0', 'зҷ»еҪ•жҲҗеҠҹ', NULL);
INSERT INTO `sys_logininfor` VALUES (102, 'admin', '127.0.0.1', 'еҶ…зҪ‘IP', 'Chrome 143', 'Windows10', '0', 'зҷ»еҪ•жҲҗеҠҹ', NULL);
INSERT INTO `sys_logininfor` VALUES (103, 'admin', '127.0.0.1', 'еҶ…зҪ‘IP', 'Chrome 143', 'Windows10', '1', 'йӘҢиҜҒз Ғй”ҷиҜҜ', NULL);
INSERT INTO `sys_logininfor` VALUES (104, 'admin', '127.0.0.1', 'еҶ…зҪ‘IP', 'Chrome 143', 'Windows10', '0', 'зҷ»еҪ•жҲҗеҠҹ', NULL);
INSERT INTO `sys_logininfor` VALUES (105, 'admin', '127.0.0.1', 'еҶ…зҪ‘IP', 'Chrome 143', 'Windows10', '0', 'йҖҖеҮәжҲҗеҠҹ', NULL);
INSERT INTO `sys_logininfor` VALUES (106, 'admin', '127.0.0.1', 'еҶ…зҪ‘IP', 'Chrome 143', 'Windows10', '1', 'йӘҢиҜҒз Ғй”ҷиҜҜ', NULL);
INSERT INTO `sys_logininfor` VALUES (107, 'admin', '127.0.0.1', 'еҶ…зҪ‘IP', 'Chrome 143', 'Windows10', '0', 'зҷ»еҪ•жҲҗеҠҹ', NULL);
INSERT INTO `sys_logininfor` VALUES (108, 'admin', '127.0.0.1', 'еҶ…зҪ‘IP', 'Curl 8.16.0', '', '1', 'йӘҢиҜҒз Ғе·ІеӨұж•Ҳ', NULL);
INSERT INTO `sys_logininfor` VALUES (109, 'admin', '127.0.0.1', 'еҶ…зҪ‘IP', 'Curl 8.16.0', '', '1', 'йӘҢиҜҒз Ғе·ІеӨұж•Ҳ', NULL);
INSERT INTO `sys_logininfor` VALUES (110, 'admin', '127.0.0.1', 'еҶ…зҪ‘IP', 'Curl 8.16.0', '', '0', 'зҷ»еҪ•жҲҗеҠҹ', NULL);
INSERT INTO `sys_logininfor` VALUES (111, 'admin', '127.0.0.1', 'еҶ…зҪ‘IP', 'Curl 8.16.0', '', '0', 'зҷ»еҪ•жҲҗеҠҹ', NULL);
INSERT INTO `sys_logininfor` VALUES (112, 'admin', '127.0.0.1', 'еҶ…зҪ‘IP', 'Curl 8.16.0', '', '0', 'зҷ»еҪ•жҲҗеҠҹ', NULL);
INSERT INTO `sys_logininfor` VALUES (113, 'admin', '127.0.0.1', 'еҶ…зҪ‘IP', 'Curl 8.16.0', '', '0', 'зҷ»еҪ•жҲҗеҠҹ', NULL);
INSERT INTO `sys_logininfor` VALUES (114, 'admin', '127.0.0.1', 'еҶ…зҪ‘IP', 'Curl 8.16.0', '', '0', 'зҷ»еҪ•жҲҗеҠҹ', NULL);
INSERT INTO `sys_logininfor` VALUES (115, 'admin', '127.0.0.1', 'еҶ…зҪ‘IP', 'Curl 8.16.0', '', '0', 'зҷ»еҪ•жҲҗеҠҹ', NULL);
INSERT INTO `sys_logininfor` VALUES (116, 'admin', '127.0.0.1', 'еҶ…зҪ‘IP', 'Curl 8.16.0', '', '0', 'зҷ»еҪ•жҲҗеҠҹ', NULL);
INSERT INTO `sys_logininfor` VALUES (117, 'teacher01', '127.0.0.1', 'еҶ…зҪ‘IP', 'Curl 8.16.0', '', '0', 'зҷ»еҪ•жҲҗеҠҹ', NULL);
INSERT INTO `sys_logininfor` VALUES (118, 'testuser01', '127.0.0.1', 'еҶ…зҪ‘IP', 'Curl 8.16.0', '', '0', 'жіЁеҶҢжҲҗеҠҹ', NULL);
INSERT INTO `sys_logininfor` VALUES (119, 'admin', '127.0.0.1', 'еҶ…зҪ‘IP', 'Chrome 146', 'Windows10', '0', 'зҷ»еҪ•жҲҗеҠҹ', NULL);
INSERT INTO `sys_logininfor` VALUES (120, 'admin', '127.0.0.1', 'еҶ…зҪ‘IP', 'Chrome 146', 'Windows10', '0', 'зҷ»еҪ•жҲҗеҠҹ', NULL);
INSERT INTO `sys_logininfor` VALUES (121, 'admin', '127.0.0.1', 'еҶ…зҪ‘IP', 'Chrome 146', 'Windows10', '0', 'зҷ»еҪ•жҲҗеҠҹ', NULL);
INSERT INTO `sys_logininfor` VALUES (122, 'admin', '127.0.0.1', 'еҶ…зҪ‘IP', 'Chrome 146', 'Windows10', '0', 'зҷ»еҪ•жҲҗеҠҹ', NULL);
INSERT INTO `sys_logininfor` VALUES (123, 'admin', '127.0.0.1', 'еҶ…зҪ‘IP', 'Chrome 146', 'Windows10', '0', 'йҖҖеҮәжҲҗеҠҹ', NULL);
INSERT INTO `sys_logininfor` VALUES (124, 'teacher01', '127.0.0.1', 'еҶ…зҪ‘IP', 'Chrome 146', 'Windows10', '1', 'йӘҢиҜҒз Ғй”ҷиҜҜ', NULL);
INSERT INTO `sys_logininfor` VALUES (125, 'teacher01', '127.0.0.1', 'еҶ…зҪ‘IP', 'Chrome 146', 'Windows10', '0', 'зҷ»еҪ•жҲҗеҠҹ', NULL);
INSERT INTO `sys_logininfor` VALUES (126, 'admin', '127.0.0.1', 'еҶ…зҪ‘IP', 'Chrome 146', 'Windows10', '0', 'зҷ»еҪ•жҲҗеҠҹ', NULL);
INSERT INTO `sys_logininfor` VALUES (127, 'student01', '127.0.0.1', 'еҶ…зҪ‘IP', 'Chrome 146', 'Windows10', '1', 'йӘҢиҜҒз Ғе·ІеӨұж•Ҳ', NULL);
INSERT INTO `sys_logininfor` VALUES (128, 'student01', '127.0.0.1', 'еҶ…зҪ‘IP', 'Chrome 146', 'Windows10', '0', 'зҷ»еҪ•жҲҗеҠҹ', NULL);
INSERT INTO `sys_logininfor` VALUES (129, 'student01', '127.0.0.1', 'еҶ…зҪ‘IP', 'Chrome 146', 'Windows10', '0', 'зҷ»еҪ•жҲҗеҠҹ', NULL);
INSERT INTO `sys_logininfor` VALUES (130, 'student01', '127.0.0.1', 'еҶ…зҪ‘IP', 'Chrome 146', 'Windows10', '0', 'йҖҖеҮәжҲҗеҠҹ', NULL);
INSERT INTO `sys_logininfor` VALUES (131, 'teacher01', '127.0.0.1', 'еҶ…зҪ‘IP', 'Chrome 146', 'Windows10', '0', 'зҷ»еҪ•жҲҗеҠҹ', NULL);
INSERT INTO `sys_logininfor` VALUES (132, 'teacher01', '127.0.0.1', 'еҶ…зҪ‘IP', 'Chrome 146', 'Windows10', '0', 'йҖҖеҮәжҲҗеҠҹ', NULL);
INSERT INTO `sys_logininfor` VALUES (133, 'admin', '127.0.0.1', 'еҶ…зҪ‘IP', 'Chrome 146', 'Windows10', '0', 'зҷ»еҪ•жҲҗеҠҹ', NULL);
INSERT INTO `sys_logininfor` VALUES (134, 'admin', '127.0.0.1', 'еҶ…зҪ‘IP', 'Chrome 146', 'Windows10', '0', 'йҖҖеҮәжҲҗеҠҹ', NULL);
INSERT INTO `sys_logininfor` VALUES (135, 'teacher01', '127.0.0.1', 'еҶ…зҪ‘IP', 'Chrome 146', 'Windows10', '0', 'зҷ»еҪ•жҲҗеҠҹ', NULL);
INSERT INTO `sys_logininfor` VALUES (136, 'teacher01', '127.0.0.1', 'еҶ…зҪ‘IP', 'Chrome 146', 'Windows10', '0', 'йҖҖеҮәжҲҗеҠҹ', NULL);
INSERT INTO `sys_logininfor` VALUES (137, 'teacher01', '127.0.0.1', 'еҶ…зҪ‘IP', 'Chrome 146', 'Windows10', '0', 'зҷ»еҪ•жҲҗеҠҹ', NULL);
INSERT INTO `sys_logininfor` VALUES (138, 'student01', '127.0.0.1', 'еҶ…зҪ‘IP', 'Chrome 146', 'Windows10', '1', 'йӘҢиҜҒз Ғе·ІеӨұж•Ҳ', NULL);
INSERT INTO `sys_logininfor` VALUES (139, 'student01', '127.0.0.1', 'еҶ…зҪ‘IP', 'Chrome 146', 'Windows10', '0', 'зҷ»еҪ•жҲҗеҠҹ', NULL);
INSERT INTO `sys_logininfor` VALUES (140, 'student01', '127.0.0.1', 'еҶ…зҪ‘IP', 'Chrome 146', 'Windows10', '0', 'йҖҖеҮәжҲҗеҠҹ', NULL);

-- ----------------------------
-- Table structure for sys_menu
-- ----------------------------
DROP TABLE IF EXISTS `sys_menu`;
CREATE TABLE `sys_menu`  (
  `menu_id` bigint NOT NULL AUTO_INCREMENT COMMENT 'иҸңеҚ•ID',
  `menu_name` varchar(50) CHARACTER SET utf8mb4 COLLATE utf8mb4_0900_ai_ci NOT NULL COMMENT 'иҸңеҚ•еҗҚз§°',
  `parent_id` bigint NULL DEFAULT 0 COMMENT 'зҲ¶иҸңеҚ•ID',
  `order_num` int NULL DEFAULT 0 COMMENT 'жҳҫзӨәйЎәеәҸ',
  `path` varchar(200) CHARACTER SET utf8mb4 COLLATE utf8mb4_0900_ai_ci NULL DEFAULT '' COMMENT 'и·Ҝз”ұең°еқҖ',
  `component` varchar(255) CHARACTER SET utf8mb4 COLLATE utf8mb4_0900_ai_ci NULL DEFAULT NULL COMMENT 'з»„д»¶и·Ҝеҫ„',
  `query` varchar(255) CHARACTER SET utf8mb4 COLLATE utf8mb4_0900_ai_ci NULL DEFAULT NULL COMMENT 'и·Ҝз”ұеҸӮж•°',
  `route_name` varchar(50) CHARACTER SET utf8mb4 COLLATE utf8mb4_0900_ai_ci NULL DEFAULT '' COMMENT 'и·Ҝз”ұеҗҚз§°',
  `is_frame` int NULL DEFAULT 1 COMMENT 'жҳҜеҗҰдёәеӨ–й“ҫпјҲ0жҳҜ 1еҗҰпјү',
  `is_cache` int NULL DEFAULT 0 COMMENT 'жҳҜеҗҰзј“еӯҳпјҲ0зј“еӯҳ 1дёҚзј“еӯҳпјү',
  `menu_type` char(1) CHARACTER SET utf8mb4 COLLATE utf8mb4_0900_ai_ci NULL DEFAULT '' COMMENT 'иҸңеҚ•зұ»еһӢпјҲMзӣ®еҪ• CиҸңеҚ• FжҢүй’®пјү',
  `visible` char(1) CHARACTER SET utf8mb4 COLLATE utf8mb4_0900_ai_ci NULL DEFAULT '0' COMMENT 'иҸңеҚ•зҠ¶жҖҒпјҲ0жҳҫзӨә 1йҡҗи—Ҹпјү',
  `status` char(1) CHARACTER SET utf8mb4 COLLATE utf8mb4_0900_ai_ci NULL DEFAULT '0' COMMENT 'иҸңеҚ•зҠ¶жҖҒпјҲ0жӯЈеёё 1еҒңз”Ёпјү',
  `perms` varchar(100) CHARACTER SET utf8mb4 COLLATE utf8mb4_0900_ai_ci NULL DEFAULT NULL COMMENT 'жқғйҷҗж ҮиҜҶ',
  `icon` varchar(100) CHARACTER SET utf8mb4 COLLATE utf8mb4_0900_ai_ci NULL DEFAULT '#' COMMENT 'иҸңеҚ•еӣҫж Ү',
  `create_by` varchar(64) CHARACTER SET utf8mb4 COLLATE utf8mb4_0900_ai_ci NULL DEFAULT '' COMMENT 'еҲӣе»әиҖ…',
  `create_time` datetime NULL DEFAULT NULL COMMENT 'еҲӣе»әж—¶й—ҙ',
  `update_by` varchar(64) CHARACTER SET utf8mb4 COLLATE utf8mb4_0900_ai_ci NULL DEFAULT '' COMMENT 'жӣҙж–°иҖ…',
  `update_time` datetime NULL DEFAULT NULL COMMENT 'жӣҙж–°ж—¶й—ҙ',
  `remark` varchar(500) CHARACTER SET utf8mb4 COLLATE utf8mb4_0900_ai_ci NULL DEFAULT '' COMMENT 'еӨҮжіЁ',
  PRIMARY KEY (`menu_id`) USING BTREE
) ENGINE = InnoDB AUTO_INCREMENT = 2216 CHARACTER SET = utf8mb4 COLLATE = utf8mb4_0900_ai_ci COMMENT = 'иҸңеҚ•жқғйҷҗиЎЁ' ROW_FORMAT = DYNAMIC;

-- ----------------------------
-- Records of sys_menu
-- ----------------------------
INSERT INTO `sys_menu` VALUES (1, 'зі»з»ҹз®ЎзҗҶ', 0, 1, 'system', NULL, '', '', 1, 0, 'M', '0', '0', '', 'system', 'admin', '2025-12-18 18:03:00', '', NULL, 'зі»з»ҹз®ЎзҗҶзӣ®еҪ•');
INSERT INTO `sys_menu` VALUES (2, 'зі»з»ҹзӣ‘жҺ§', 0, 2, 'monitor', NULL, '', '', 1, 0, 'M', '1', '1', '', 'monitor', 'admin', '2025-12-18 18:03:00', 'admin', '2026-04-13 13:40:10', 'зі»з»ҹзӣ‘жҺ§зӣ®еҪ•');
INSERT INTO `sys_menu` VALUES (100, 'з”ЁжҲ·з®ЎзҗҶ', 1, 1, 'user', 'system/user/index', '', '', 1, 0, 'C', '0', '0', 'system:user:list', 'user', 'admin', '2025-12-18 18:03:00', '', NULL, 'з”ЁжҲ·з®ЎзҗҶиҸңеҚ•');
INSERT INTO `sys_menu` VALUES (101, 'и§’иүІз®ЎзҗҶ', 1, 2, 'role', 'system/role/index', '', '', 1, 0, 'C', '0', '0', 'system:role:list', 'peoples', 'admin', '2025-12-18 18:03:00', '', NULL, 'и§’иүІз®ЎзҗҶиҸңеҚ•');
INSERT INTO `sys_menu` VALUES (102, 'иҸңеҚ•з®ЎзҗҶ', 1, 3, 'menu', 'system/menu/index', '', '', 1, 0, 'C', '1', '0', 'system:menu:list', 'tree-table', 'admin', '2025-12-18 18:03:00', 'admin', '2026-04-13 13:40:31', 'иҸңеҚ•з®ЎзҗҶиҸңеҚ•');
INSERT INTO `sys_menu` VALUES (103, 'йғЁй—Ёз®ЎзҗҶ', 1, 4, 'dept', 'system/dept/index', '', '', 1, 0, 'C', '1', '0', 'system:dept:list', 'tree', 'admin', '2025-12-18 18:03:00', 'admin', '2026-04-13 13:40:27', 'йғЁй—Ёз®ЎзҗҶиҸңеҚ•');
INSERT INTO `sys_menu` VALUES (104, 'еІ—дҪҚз®ЎзҗҶ', 1, 5, 'post', 'system/post/index', '', '', 1, 0, 'C', '1', '0', 'system:post:list', 'post', 'admin', '2025-12-18 18:03:00', 'admin', '2026-04-13 13:40:24', 'еІ—дҪҚз®ЎзҗҶиҸңеҚ•');
INSERT INTO `sys_menu` VALUES (105, 'еӯ—е…ёз®ЎзҗҶ', 1, 6, 'dict', 'system/dict/index', '', '', 1, 0, 'C', '1', '0', 'system:dict:list', 'dict', 'admin', '2025-12-18 18:03:00', 'admin', '2026-04-13 13:40:21', 'еӯ—е…ёз®ЎзҗҶиҸңеҚ•');
INSERT INTO `sys_menu` VALUES (106, 'еҸӮж•°и®ҫзҪ®', 1, 7, 'config', 'system/config/index', '', '', 1, 0, 'C', '1', '0', 'system:config:list', 'edit', 'admin', '2025-12-18 18:03:00', 'admin', '2026-04-13 13:40:18', 'еҸӮж•°и®ҫзҪ®иҸңеҚ•');
INSERT INTO `sys_menu` VALUES (107, 'йҖҡзҹҘе…¬е‘Ҡ', 1, 8, 'notice', 'system/notice/index', '', '', 1, 0, 'C', '0', '0', 'system:notice:list', 'message', 'admin', '2025-12-18 18:03:00', '', NULL, 'йҖҡзҹҘе…¬е‘ҠиҸңеҚ•');
INSERT INTO `sys_menu` VALUES (108, 'ж—Ҙеҝ—з®ЎзҗҶ', 1, 9, 'log', '', '', '', 1, 0, 'M', '0', '0', '', 'log', 'admin', '2025-12-18 18:03:00', '', NULL, 'ж—Ҙеҝ—з®ЎзҗҶиҸңеҚ•');
INSERT INTO `sys_menu` VALUES (109, 'еңЁзәҝз”ЁжҲ·', 2, 1, 'online', 'monitor/online/index', '', '', 1, 0, 'C', '0', '0', 'monitor:online:list', 'online', 'admin', '2025-12-18 18:03:00', '', NULL, 'еңЁзәҝз”ЁжҲ·иҸңеҚ•');
INSERT INTO `sys_menu` VALUES (110, 'е®ҡж—¶д»»еҠЎ', 2, 2, 'job', 'monitor/job/index', '', '', 1, 0, 'C', '0', '0', 'monitor:job:list', 'job', 'admin', '2025-12-18 18:03:00', '', NULL, 'е®ҡж—¶д»»еҠЎиҸңеҚ•');
INSERT INTO `sys_menu` VALUES (113, 'зј“еӯҳзӣ‘жҺ§', 2, 5, 'cache', 'monitor/cache/index', '', '', 1, 0, 'C', '0', '0', 'monitor:cache:list', 'redis', 'admin', '2025-12-18 18:03:00', '', NULL, 'зј“еӯҳзӣ‘жҺ§иҸңеҚ•');
INSERT INTO `sys_menu` VALUES (114, 'зј“еӯҳеҲ—иЎЁ', 2, 6, 'cacheList', 'monitor/cache/list', '', '', 1, 0, 'C', '0', '0', 'monitor:cache:list', 'redis-list', 'admin', '2025-12-18 18:03:00', '', NULL, 'зј“еӯҳеҲ—иЎЁиҸңеҚ•');
INSERT INTO `sys_menu` VALUES (500, 'ж“ҚдҪңж—Ҙеҝ—', 108, 1, 'operlog', 'monitor/operlog/index', '', '', 1, 0, 'C', '0', '0', 'monitor:operlog:list', 'form', 'admin', '2025-12-18 18:03:00', '', NULL, 'ж“ҚдҪңж—Ҙеҝ—иҸңеҚ•');
INSERT INTO `sys_menu` VALUES (501, 'зҷ»еҪ•ж—Ҙеҝ—', 108, 2, 'logininfor', 'monitor/logininfor/index', '', '', 1, 0, 'C', '0', '0', 'monitor:logininfor:list', 'logininfor', 'admin', '2025-12-18 18:03:00', '', NULL, 'зҷ»еҪ•ж—Ҙеҝ—иҸңеҚ•');
INSERT INTO `sys_menu` VALUES (1000, 'з”ЁжҲ·жҹҘиҜў', 100, 1, '', '', '', '', 1, 0, 'F', '0', '0', 'system:user:query', '#', 'admin', '2025-12-18 18:03:00', '', NULL, '');
INSERT INTO `sys_menu` VALUES (1001, 'з”ЁжҲ·ж–°еўһ', 100, 2, '', '', '', '', 1, 0, 'F', '0', '0', 'system:user:add', '#', 'admin', '2025-12-18 18:03:00', '', NULL, '');
INSERT INTO `sys_menu` VALUES (1002, 'з”ЁжҲ·дҝ®ж”№', 100, 3, '', '', '', '', 1, 0, 'F', '0', '0', 'system:user:edit', '#', 'admin', '2025-12-18 18:03:00', '', NULL, '');
INSERT INTO `sys_menu` VALUES (1003, 'з”ЁжҲ·еҲ йҷӨ', 100, 4, '', '', '', '', 1, 0, 'F', '0', '0', 'system:user:remove', '#', 'admin', '2025-12-18 18:03:00', '', NULL, '');
INSERT INTO `sys_menu` VALUES (1004, 'з”ЁжҲ·еҜјеҮә', 100, 5, '', '', '', '', 1, 0, 'F', '0', '0', 'system:user:export', '#', 'admin', '2025-12-18 18:03:00', '', NULL, '');
INSERT INTO `sys_menu` VALUES (1005, 'з”ЁжҲ·еҜје…Ҙ', 100, 6, '', '', '', '', 1, 0, 'F', '0', '0', 'system:user:import', '#', 'admin', '2025-12-18 18:03:00', '', NULL, '');
INSERT INTO `sys_menu` VALUES (1006, 'йҮҚзҪ®еҜҶз Ғ', 100, 7, '', '', '', '', 1, 0, 'F', '0', '0', 'system:user:resetPwd', '#', 'admin', '2025-12-18 18:03:00', '', NULL, '');
INSERT INTO `sys_menu` VALUES (1007, 'и§’иүІжҹҘиҜў', 101, 1, '', '', '', '', 1, 0, 'F', '0', '0', 'system:role:query', '#', 'admin', '2025-12-18 18:03:00', '', NULL, '');
INSERT INTO `sys_menu` VALUES (1008, 'и§’иүІж–°еўһ', 101, 2, '', '', '', '', 1, 0, 'F', '0', '0', 'system:role:add', '#', 'admin', '2025-12-18 18:03:00', '', NULL, '');
INSERT INTO `sys_menu` VALUES (1009, 'и§’иүІдҝ®ж”№', 101, 3, '', '', '', '', 1, 0, 'F', '0', '0', 'system:role:edit', '#', 'admin', '2025-12-18 18:03:00', '', NULL, '');
INSERT INTO `sys_menu` VALUES (1010, 'и§’иүІеҲ йҷӨ', 101, 4, '', '', '', '', 1, 0, 'F', '0', '0', 'system:role:remove', '#', 'admin', '2025-12-18 18:03:00', '', NULL, '');
INSERT INTO `sys_menu` VALUES (1011, 'и§’иүІеҜјеҮә', 101, 5, '', '', '', '', 1, 0, 'F', '0', '0', 'system:role:export', '#', 'admin', '2025-12-18 18:03:00', '', NULL, '');
INSERT INTO `sys_menu` VALUES (1012, 'иҸңеҚ•жҹҘиҜў', 102, 1, '', '', '', '', 1, 0, 'F', '0', '0', 'system:menu:query', '#', 'admin', '2025-12-18 18:03:00', '', NULL, '');
INSERT INTO `sys_menu` VALUES (1013, 'иҸңеҚ•ж–°еўһ', 102, 2, '', '', '', '', 1, 0, 'F', '0', '0', 'system:menu:add', '#', 'admin', '2025-12-18 18:03:00', '', NULL, '');
INSERT INTO `sys_menu` VALUES (1014, 'иҸңеҚ•дҝ®ж”№', 102, 3, '', '', '', '', 1, 0, 'F', '0', '0', 'system:menu:edit', '#', 'admin', '2025-12-18 18:03:00', '', NULL, '');
INSERT INTO `sys_menu` VALUES (1015, 'иҸңеҚ•еҲ йҷӨ', 102, 4, '', '', '', '', 1, 0, 'F', '0', '0', 'system:menu:remove', '#', 'admin', '2025-12-18 18:03:00', '', NULL, '');
INSERT INTO `sys_menu` VALUES (1016, 'йғЁй—ЁжҹҘиҜў', 103, 1, '', '', '', '', 1, 0, 'F', '0', '0', 'system:dept:query', '#', 'admin', '2025-12-18 18:03:00', '', NULL, '');
INSERT INTO `sys_menu` VALUES (1017, 'йғЁй—Ёж–°еўһ', 103, 2, '', '', '', '', 1, 0, 'F', '0', '0', 'system:dept:add', '#', 'admin', '2025-12-18 18:03:00', '', NULL, '');
INSERT INTO `sys_menu` VALUES (1018, 'йғЁй—Ёдҝ®ж”№', 103, 3, '', '', '', '', 1, 0, 'F', '0', '0', 'system:dept:edit', '#', 'admin', '2025-12-18 18:03:00', '', NULL, '');
INSERT INTO `sys_menu` VALUES (1019, 'йғЁй—ЁеҲ йҷӨ', 103, 4, '', '', '', '', 1, 0, 'F', '0', '0', 'system:dept:remove', '#', 'admin', '2025-12-18 18:03:00', '', NULL, '');
INSERT INTO `sys_menu` VALUES (1020, 'еІ—дҪҚжҹҘиҜў', 104, 1, '', '', '', '', 1, 0, 'F', '0', '0', 'system:post:query', '#', 'admin', '2025-12-18 18:03:00', '', NULL, '');
INSERT INTO `sys_menu` VALUES (1021, 'еІ—дҪҚж–°еўһ', 104, 2, '', '', '', '', 1, 0, 'F', '0', '0', 'system:post:add', '#', 'admin', '2025-12-18 18:03:00', '', NULL, '');
INSERT INTO `sys_menu` VALUES (1022, 'еІ—дҪҚдҝ®ж”№', 104, 3, '', '', '', '', 1, 0, 'F', '0', '0', 'system:post:edit', '#', 'admin', '2025-12-18 18:03:00', '', NULL, '');
INSERT INTO `sys_menu` VALUES (1023, 'еІ—дҪҚеҲ йҷӨ', 104, 4, '', '', '', '', 1, 0, 'F', '0', '0', 'system:post:remove', '#', 'admin', '2025-12-18 18:03:00', '', NULL, '');
INSERT INTO `sys_menu` VALUES (1024, 'еІ—дҪҚеҜјеҮә', 104, 5, '', '', '', '', 1, 0, 'F', '0', '0', 'system:post:export', '#', 'admin', '2025-12-18 18:03:00', '', NULL, '');
INSERT INTO `sys_menu` VALUES (1025, 'еӯ—е…ёжҹҘиҜў', 105, 1, '#', '', '', '', 1, 0, 'F', '0', '0', 'system:dict:query', '#', 'admin', '2025-12-18 18:03:00', '', NULL, '');
INSERT INTO `sys_menu` VALUES (1026, 'еӯ—е…ёж–°еўһ', 105, 2, '#', '', '', '', 1, 0, 'F', '0', '0', 'system:dict:add', '#', 'admin', '2025-12-18 18:03:00', '', NULL, '');
INSERT INTO `sys_menu` VALUES (1027, 'еӯ—е…ёдҝ®ж”№', 105, 3, '#', '', '', '', 1, 0, 'F', '0', '0', 'system:dict:edit', '#', 'admin', '2025-12-18 18:03:00', '', NULL, '');
INSERT INTO `sys_menu` VALUES (1028, 'еӯ—е…ёеҲ йҷӨ', 105, 4, '#', '', '', '', 1, 0, 'F', '0', '0', 'system:dict:remove', '#', 'admin', '2025-12-18 18:03:00', '', NULL, '');
INSERT INTO `sys_menu` VALUES (1029, 'еӯ—е…ёеҜјеҮә', 105, 5, '#', '', '', '', 1, 0, 'F', '0', '0', 'system:dict:export', '#', 'admin', '2025-12-18 18:03:00', '', NULL, '');
INSERT INTO `sys_menu` VALUES (1030, 'еҸӮж•°жҹҘиҜў', 106, 1, '#', '', '', '', 1, 0, 'F', '0', '0', 'system:config:query', '#', 'admin', '2025-12-18 18:03:00', '', NULL, '');
INSERT INTO `sys_menu` VALUES (1031, 'еҸӮж•°ж–°еўһ', 106, 2, '#', '', '', '', 1, 0, 'F', '0', '0', 'system:config:add', '#', 'admin', '2025-12-18 18:03:00', '', NULL, '');
INSERT INTO `sys_menu` VALUES (1032, 'еҸӮж•°дҝ®ж”№', 106, 3, '#', '', '', '', 1, 0, 'F', '0', '0', 'system:config:edit', '#', 'admin', '2025-12-18 18:03:00', '', NULL, '');
INSERT INTO `sys_menu` VALUES (1033, 'еҸӮж•°еҲ йҷӨ', 106, 4, '#', '', '', '', 1, 0, 'F', '0', '0', 'system:config:remove', '#', 'admin', '2025-12-18 18:03:00', '', NULL, '');
INSERT INTO `sys_menu` VALUES (1034, 'еҸӮж•°еҜјеҮә', 106, 5, '#', '', '', '', 1, 0, 'F', '0', '0', 'system:config:export', '#', 'admin', '2025-12-18 18:03:00', '', NULL, '');
INSERT INTO `sys_menu` VALUES (1035, 'е…¬е‘ҠжҹҘиҜў', 107, 1, '#', '', '', '', 1, 0, 'F', '0', '0', 'system:notice:query', '#', 'admin', '2025-12-18 18:03:00', '', NULL, '');
INSERT INTO `sys_menu` VALUES (1036, 'е…¬е‘Ҡж–°еўһ', 107, 2, '#', '', '', '', 1, 0, 'F', '0', '0', 'system:notice:add', '#', 'admin', '2025-12-18 18:03:00', '', NULL, '');
INSERT INTO `sys_menu` VALUES (1037, 'е…¬е‘Ҡдҝ®ж”№', 107, 3, '#', '', '', '', 1, 0, 'F', '0', '0', 'system:notice:edit', '#', 'admin', '2025-12-18 18:03:00', '', NULL, '');
INSERT INTO `sys_menu` VALUES (1038, 'е…¬е‘ҠеҲ йҷӨ', 107, 4, '#', '', '', '', 1, 0, 'F', '0', '0', 'system:notice:remove', '#', 'admin', '2025-12-18 18:03:00', '', NULL, '');
INSERT INTO `sys_menu` VALUES (1039, 'ж“ҚдҪңжҹҘиҜў', 500, 1, '#', '', '', '', 1, 0, 'F', '0', '0', 'monitor:operlog:query', '#', 'admin', '2025-12-18 18:03:00', '', NULL, '');
INSERT INTO `sys_menu` VALUES (1040, 'ж“ҚдҪңеҲ йҷӨ', 500, 2, '#', '', '', '', 1, 0, 'F', '0', '0', 'monitor:operlog:remove', '#', 'admin', '2025-12-18 18:03:00', '', NULL, '');
INSERT INTO `sys_menu` VALUES (1041, 'ж—Ҙеҝ—еҜјеҮә', 500, 3, '#', '', '', '', 1, 0, 'F', '0', '0', 'monitor:operlog:export', '#', 'admin', '2025-12-18 18:03:00', '', NULL, '');
INSERT INTO `sys_menu` VALUES (1042, 'зҷ»еҪ•жҹҘиҜў', 501, 1, '#', '', '', '', 1, 0, 'F', '0', '0', 'monitor:logininfor:query', '#', 'admin', '2025-12-18 18:03:00', '', NULL, '');
INSERT INTO `sys_menu` VALUES (1043, 'зҷ»еҪ•еҲ йҷӨ', 501, 2, '#', '', '', '', 1, 0, 'F', '0', '0', 'monitor:logininfor:remove', '#', 'admin', '2025-12-18 18:03:00', '', NULL, '');
INSERT INTO `sys_menu` VALUES (1044, 'ж—Ҙеҝ—еҜјеҮә', 501, 3, '#', '', '', '', 1, 0, 'F', '0', '0', 'monitor:logininfor:export', '#', 'admin', '2025-12-18 18:03:00', '', NULL, '');
INSERT INTO `sys_menu` VALUES (1045, 'иҙҰжҲ·и§Јй”Ғ', 501, 4, '#', '', '', '', 1, 0, 'F', '0', '0', 'monitor:logininfor:unlock', '#', 'admin', '2025-12-18 18:03:00', '', NULL, '');
INSERT INTO `sys_menu` VALUES (1046, 'еңЁзәҝжҹҘиҜў', 109, 1, '#', '', '', '', 1, 0, 'F', '0', '0', 'monitor:online:query', '#', 'admin', '2025-12-18 18:03:00', '', NULL, '');
INSERT INTO `sys_menu` VALUES (1047, 'жү№йҮҸејәйҖҖ', 109, 2, '#', '', '', '', 1, 0, 'F', '0', '0', 'monitor:online:batchLogout', '#', 'admin', '2025-12-18 18:03:00', '', NULL, '');
INSERT INTO `sys_menu` VALUES (1048, 'еҚ•жқЎејәйҖҖ', 109, 3, '#', '', '', '', 1, 0, 'F', '0', '0', 'monitor:online:forceLogout', '#', 'admin', '2025-12-18 18:03:00', '', NULL, '');
INSERT INTO `sys_menu` VALUES (1049, 'д»»еҠЎжҹҘиҜў', 110, 1, '#', '', '', '', 1, 0, 'F', '0', '0', 'monitor:job:query', '#', 'admin', '2025-12-18 18:03:00', '', NULL, '');
INSERT INTO `sys_menu` VALUES (1050, 'д»»еҠЎж–°еўһ', 110, 2, '#', '', '', '', 1, 0, 'F', '0', '0', 'monitor:job:add', '#', 'admin', '2025-12-18 18:03:00', '', NULL, '');
INSERT INTO `sys_menu` VALUES (1051, 'д»»еҠЎдҝ®ж”№', 110, 3, '#', '', '', '', 1, 0, 'F', '0', '0', 'monitor:job:edit', '#', 'admin', '2025-12-18 18:03:00', '', NULL, '');
INSERT INTO `sys_menu` VALUES (1052, 'д»»еҠЎеҲ йҷӨ', 110, 4, '#', '', '', '', 1, 0, 'F', '0', '0', 'monitor:job:remove', '#', 'admin', '2025-12-18 18:03:00', '', NULL, '');
INSERT INTO `sys_menu` VALUES (1053, 'зҠ¶жҖҒдҝ®ж”№', 110, 5, '#', '', '', '', 1, 0, 'F', '0', '0', 'monitor:job:changeStatus', '#', 'admin', '2025-12-18 18:03:00', '', NULL, '');
INSERT INTO `sys_menu` VALUES (1054, 'д»»еҠЎеҜјеҮә', 110, 6, '#', '', '', '', 1, 0, 'F', '0', '0', 'monitor:job:export', '#', 'admin', '2025-12-18 18:03:00', '', NULL, '');
INSERT INTO `sys_menu` VALUES (2000, 'ж ЎеӣӯеҚҸеҗҢ', 0, 3, 'campus', NULL, '', '', 1, 0, 'M', '0', '0', '', 'education', 'admin', '2026-04-13 13:40:58', '', NULL, 'ж ЎеӣӯеҚҸеҗҢз®ЎзҗҶзӣ®еҪ•');
INSERT INTO `sys_menu` VALUES (2001, 'д»»еҠЎз®ЎзҗҶ', 2000, 1, 'task', 'campus/task/index', '', '', 1, 0, 'C', '0', '0', 'campus:task:list', 'edit', 'admin', '2026-04-13 13:40:58', '', NULL, 'д»»еҠЎз®ЎзҗҶиҸңеҚ•');
INSERT INTO `sys_menu` VALUES (2010, 'д»»еҠЎжҹҘиҜў', 2001, 1, '#', '', '', '', 1, 0, 'F', '0', '0', 'campus:task:query', '#', 'admin', '2026-04-13 13:40:58', '', NULL, '');
INSERT INTO `sys_menu` VALUES (2011, 'д»»еҠЎж–°еўһ', 2001, 2, '#', '', '', '', 1, 0, 'F', '0', '0', 'campus:task:add', '#', 'admin', '2026-04-13 13:40:58', '', NULL, '');
INSERT INTO `sys_menu` VALUES (2012, 'д»»еҠЎдҝ®ж”№', 2001, 3, '#', '', '', '', 1, 0, 'F', '0', '0', 'campus:task:edit', '#', 'admin', '2026-04-13 13:40:58', '', NULL, '');
INSERT INTO `sys_menu` VALUES (2013, 'д»»еҠЎеҲ йҷӨ', 2001, 4, '#', '', '', '', 1, 0, 'F', '0', '0', 'campus:task:remove', '#', 'admin', '2026-04-13 13:40:58', '', NULL, '');
INSERT INTO `sys_menu` VALUES (2014, 'д»»еҠЎеҜјеҮә', 2001, 5, '#', '', '', '', 1, 0, 'F', '0', '0', 'campus:task:export', '#', 'admin', '2026-04-13 13:40:58', '', NULL, '');
INSERT INTO `sys_menu` VALUES (2101, 'ж–Үд»¶з®ЎзҗҶ', 2000, 2, 'file', 'campus/file/index', '', '', 1, 0, 'C', '0', '0', 'campus:file:list', 'documentation', 'admin', '2026-04-13 13:40:58', '', NULL, 'ж–Үд»¶з®ЎзҗҶиҸңеҚ•');
INSERT INTO `sys_menu` VALUES (2110, 'ж–Үд»¶жҹҘиҜў', 2101, 1, '#', '', '', '', 1, 0, 'F', '0', '0', 'campus:file:query', '#', 'admin', '2026-04-13 13:40:58', '', NULL, '');
INSERT INTO `sys_menu` VALUES (2111, 'ж–Үд»¶ж–°еўһ', 2101, 2, '#', '', '', '', 1, 0, 'F', '0', '0', 'campus:file:add', '#', 'admin', '2026-04-13 13:40:58', '', NULL, '');
INSERT INTO `sys_menu` VALUES (2112, 'ж–Үд»¶дҝ®ж”№', 2101, 3, '#', '', '', '', 1, 0, 'F', '0', '0', 'campus:file:edit', '#', 'admin', '2026-04-13 13:40:58', '', NULL, '');
INSERT INTO `sys_menu` VALUES (2113, 'ж–Үд»¶еҲ йҷӨ', 2101, 4, '#', '', '', '', 1, 0, 'F', '0', '0', 'campus:file:remove', '#', 'admin', '2026-04-13 13:40:58', '', NULL, '');
INSERT INTO `sys_menu` VALUES (2114, 'ж–Үд»¶еҜјеҮә', 2101, 5, '#', '', '', '', 1, 0, 'F', '0', '0', 'campus:file:export', '#', 'admin', '2026-04-13 13:40:58', '', NULL, '');
INSERT INTO `sys_menu` VALUES (2201, 'иҜ·еҒҮз®ЎзҗҶ', 2000, 3, 'leave', 'campus/leave/index', '', '', 1, 0, 'C', '0', '0', 'campus:leave:list', 'date', 'admin', '2026-04-13 13:40:58', '', NULL, 'иҜ·еҒҮз®ЎзҗҶиҸңеҚ•');
INSERT INTO `sys_menu` VALUES (2210, 'иҜ·еҒҮжҹҘиҜў', 2201, 1, '#', '', '', '', 1, 0, 'F', '0', '0', 'campus:leave:query', '#', 'admin', '2026-04-13 13:40:58', '', NULL, '');
INSERT INTO `sys_menu` VALUES (2211, 'иҜ·еҒҮж–°еўһ', 2201, 2, '#', '', '', '', 1, 0, 'F', '0', '0', 'campus:leave:add', '#', 'admin', '2026-04-13 13:40:58', '', NULL, '');
INSERT INTO `sys_menu` VALUES (2212, 'иҜ·еҒҮдҝ®ж”№', 2201, 3, '#', '', '', '', 1, 0, 'F', '0', '0', 'campus:leave:edit', '#', 'admin', '2026-04-13 13:40:58', '', NULL, '');
INSERT INTO `sys_menu` VALUES (2213, 'иҜ·еҒҮеҲ йҷӨ', 2201, 4, '#', '', '', '', 1, 0, 'F', '0', '0', 'campus:leave:remove', '#', 'admin', '2026-04-13 13:40:58', '', NULL, '');
INSERT INTO `sys_menu` VALUES (2214, 'иҜ·еҒҮеҜјеҮә', 2201, 5, '#', '', '', '', 1, 0, 'F', '0', '0', 'campus:leave:export', '#', 'admin', '2026-04-13 13:40:58', '', NULL, '');
INSERT INTO `sys_menu` VALUES (2215, 'иҜ·еҒҮе®Ўжү№', 2201, 6, '#', '', '', '', 1, 0, 'F', '0', '0', 'campus:leave:audit', '#', 'admin', '2026-04-13 13:40:58', '', NULL, '');

-- ----------------------------
-- Table structure for sys_notice
-- ----------------------------
DROP TABLE IF EXISTS `sys_notice`;
CREATE TABLE `sys_notice`  (
  `notice_id` int NOT NULL AUTO_INCREMENT COMMENT 'е…¬е‘ҠID',
  `notice_title` varchar(50) CHARACTER SET utf8mb4 COLLATE utf8mb4_0900_ai_ci NOT NULL COMMENT 'е…¬е‘Ҡж Үйўҳ',
  `notice_type` char(1) CHARACTER SET utf8mb4 COLLATE utf8mb4_0900_ai_ci NOT NULL COMMENT 'е…¬е‘Ҡзұ»еһӢпјҲ1йҖҡзҹҘ 2е…¬е‘Ҡпјү',
  `notice_content` longblob NULL COMMENT 'е…¬е‘ҠеҶ…е®№',
  `status` char(1) CHARACTER SET utf8mb4 COLLATE utf8mb4_0900_ai_ci NULL DEFAULT '0' COMMENT 'е…¬е‘ҠзҠ¶жҖҒпјҲ0жӯЈеёё 1е…ій—ӯпјү',
  `create_by` varchar(64) CHARACTER SET utf8mb4 COLLATE utf8mb4_0900_ai_ci NULL DEFAULT '' COMMENT 'еҲӣе»әиҖ…',
  `create_time` datetime NULL DEFAULT NULL COMMENT 'еҲӣе»әж—¶й—ҙ',
  `update_by` varchar(64) CHARACTER SET utf8mb4 COLLATE utf8mb4_0900_ai_ci NULL DEFAULT '' COMMENT 'жӣҙж–°иҖ…',
  `update_time` datetime NULL DEFAULT NULL COMMENT 'жӣҙж–°ж—¶й—ҙ',
  `remark` varchar(255) CHARACTER SET utf8mb4 COLLATE utf8mb4_0900_ai_ci NULL DEFAULT NULL COMMENT 'еӨҮжіЁ',
  PRIMARY KEY (`notice_id`) USING BTREE
) ENGINE = InnoDB AUTO_INCREMENT = 10 CHARACTER SET = utf8mb4 COLLATE = utf8mb4_0900_ai_ci COMMENT = 'йҖҡзҹҘе…¬е‘ҠиЎЁ' ROW_FORMAT = DYNAMIC;

-- ----------------------------
-- Records of sys_notice
-- ----------------------------
INSERT INTO `sys_notice` VALUES (1, 'ејҖйўҳзӯ”иҫ©иө„ж–ҷжҸҗдәӨйҖҡзҹҘ', '2', 0xE8AFB7E59084E78FADE5ADA6E7949FE4BA8EE69CACE591A8E4BA9431383A3030E5898DE59CA8E5B9B3E58FB0E4BBBBE58AA1E4B8ADE5BF83E68F90E4BAA4E5BC80E9A298E7AD94E8BEA9E8B584E69699EFBC8CE68C87E5AFBCE69599E5B888E59CA8E7BABFE5AEA1E6A0B8E38082, '0', 'admin', '2025-12-18 18:03:01', 'admin', '2026-04-12 23:24:47', 'ж Ўеӣӯе…¬е‘Ҡ');
INSERT INTO `sys_notice` VALUES (2, 'е№іеҸ°з»ҙжҠӨжҸҗйҶ’пјҡжң¬е‘Ёж—Ҙжҷҡзі»з»ҹе·ЎжЈҖ', '1', 0xE6A0A1E59BADE58D8FE5908CE5B7A5E4BD9CE5B9B3E58FB0E5B086E4BA8EE69CACE591A8E697A532323A30302D32333A3030E8BF9BE8A18CE4BE8BE8A18CE5B7A1E6A380EFBC8CE69C9FE997B4E69687E4BBB6E4B88AE4BCA0E4B88EE8AFB7E58187E5AEA1E689B9E58A9FE883BDE58FAFE883BDE79FADE69A82E4B88DE58FAFE794A8E38082, '0', 'admin', '2025-12-18 18:03:01', 'admin', '2026-04-12 23:24:47', 'иҝҗз»ҙйҖҡзҹҘ');

-- ----------------------------
-- Table structure for sys_oper_log
-- ----------------------------
DROP TABLE IF EXISTS `sys_oper_log`;
CREATE TABLE `sys_oper_log`  (
  `oper_id` bigint NOT NULL AUTO_INCREMENT COMMENT 'ж—Ҙеҝ—дё»й”®',
  `title` varchar(50) CHARACTER SET utf8mb4 COLLATE utf8mb4_0900_ai_ci NULL DEFAULT '' COMMENT 'жЁЎеқ—ж Үйўҳ',
  `business_type` int NULL DEFAULT 0 COMMENT 'дёҡеҠЎзұ»еһӢпјҲ0е…¶е®ғ 1ж–°еўһ 2дҝ®ж”№ 3еҲ йҷӨпјү',
  `method` varchar(200) CHARACTER SET utf8mb4 COLLATE utf8mb4_0900_ai_ci NULL DEFAULT '' COMMENT 'ж–№жі•еҗҚз§°',
  `request_method` varchar(10) CHARACTER SET utf8mb4 COLLATE utf8mb4_0900_ai_ci NULL DEFAULT '' COMMENT 'иҜ·жұӮж–№ејҸ',
  `operator_type` int NULL DEFAULT 0 COMMENT 'ж“ҚдҪңзұ»еҲ«пјҲ0е…¶е®ғ 1еҗҺеҸ°з”ЁжҲ· 2жүӢжңәз«Ҝз”ЁжҲ·пјү',
  `oper_name` varchar(50) CHARACTER SET utf8mb4 COLLATE utf8mb4_0900_ai_ci NULL DEFAULT '' COMMENT 'ж“ҚдҪңдәәе‘ҳ',
  `dept_name` varchar(50) CHARACTER SET utf8mb4 COLLATE utf8mb4_0900_ai_ci NULL DEFAULT '' COMMENT 'йғЁй—ЁеҗҚз§°',
  `oper_url` varchar(255) CHARACTER SET utf8mb4 COLLATE utf8mb4_0900_ai_ci NULL DEFAULT '' COMMENT 'иҜ·жұӮURL',
  `oper_ip` varchar(128) CHARACTER SET utf8mb4 COLLATE utf8mb4_0900_ai_ci NULL DEFAULT '' COMMENT 'дё»жңәең°еқҖ',
  `oper_location` varchar(255) CHARACTER SET utf8mb4 COLLATE utf8mb4_0900_ai_ci NULL DEFAULT '' COMMENT 'ж“ҚдҪңең°зӮ№',
  `oper_param` varchar(2000) CHARACTER SET utf8mb4 COLLATE utf8mb4_0900_ai_ci NULL DEFAULT '' COMMENT 'иҜ·жұӮеҸӮж•°',
  `json_result` varchar(2000) CHARACTER SET utf8mb4 COLLATE utf8mb4_0900_ai_ci NULL DEFAULT '' COMMENT 'иҝ”еӣһеҸӮж•°',
  `status` int NULL DEFAULT 0 COMMENT 'ж“ҚдҪңзҠ¶жҖҒпјҲ0жӯЈеёё 1ејӮеёёпјү',
  `error_msg` varchar(2000) CHARACTER SET utf8mb4 COLLATE utf8mb4_0900_ai_ci NULL DEFAULT '' COMMENT 'й”ҷиҜҜж¶ҲжҒҜ',
  `oper_time` datetime NULL DEFAULT NULL COMMENT 'ж“ҚдҪңж—¶й—ҙ',
  `cost_time` bigint NULL DEFAULT 0 COMMENT 'ж¶ҲиҖ—ж—¶й—ҙ',
  PRIMARY KEY (`oper_id`) USING BTREE,
  INDEX `idx_sys_oper_log_bt`(`business_type` ASC) USING BTREE,
  INDEX `idx_sys_oper_log_s`(`status` ASC) USING BTREE,
  INDEX `idx_sys_oper_log_ot`(`oper_time` ASC) USING BTREE
) ENGINE = InnoDB AUTO_INCREMENT = 156 CHARACTER SET = utf8mb4 COLLATE = utf8mb4_0900_ai_ci COMMENT = 'ж“ҚдҪңж—Ҙеҝ—и®°еҪ•' ROW_FORMAT = DYNAMIC;

-- ----------------------------
-- Records of sys_oper_log
-- ----------------------------
INSERT INTO `sys_oper_log` VALUES (100, 'BizUnitз®ЎзҗҶ', 1, 'com.ruoyi.generator.controller.GenEnhancedController.saveBizUnit()', 'POST', 1, 'admin', 'з ”еҸ‘йғЁй—Ё', '/tool/gen/bizUnit/save', '127.0.0.1', 'еҶ…зҪ‘IP', '{\"aggregate\":true,\"associationsJson\":\"[{\\\"mainField\\\":\\\"parent_id\\\",\\\"refTable\\\":\\\"biz_category\\\",\\\"refField\\\":\\\"category_id\\\",\\\"labelField\\\":\\\"category_name\\\",\\\"strategy\\\":\\\"JOIN\\\"},{\\\"mainField\\\":\\\"create_by\\\",\\\"refTable\\\":\\\"sys_user\\\",\\\"refField\\\":\\\"user_id\\\",\\\"labelField\\\":\\\"user_name\\\",\\\"strategy\\\":\\\"JOIN\\\"},{\\\"mainField\\\":\\\"update_by\\\",\\\"refTable\\\":\\\"sys_user\\\",\\\"refField\\\":\\\"user_id\\\",\\\"labelField\\\":\\\"user_name\\\",\\\"strategy\\\":\\\"JOIN\\\"}]\",\"bizKey\":\"category\",\"bizName\":\"дә§е“ҒеҲҶзұ»\",\"bizPath\":\"category\",\"dependenciesJson\":\"[{\\\"bizKey\\\":\\\"sys-user\\\",\\\"serviceClass\\\":\\\"ISysUserService\\\",\\\"fieldName\\\":\\\"sysUserService\\\",\\\"required\\\":true}]\",\"id\":1,\"mainTableId\":2,\"schemaVersion\":\"1.0.0\",\"singleTable\":false,\"subTablesJson\":\"[{\\\"tableId\\\":5,\\\"fkColumn\\\":\\\"category_id\\\",\\\"relationType\\\":\\\"ONE_TO_MANY\\\",\\\"cascadeDelete\\\":true},{\\\"tableId\\\":6,\\\"fkColumn\\\":\\\"category_id\\\",\\\"relationType\\\":\\\"ONE_TO_MANY\\\",\\\"cascadeDelete\\\":false}]\",\"updateTime\":\"2025-12-18 21:44:43.804805800\"} ', '{\"body\":{\"aggregate\":true,\"associationsJson\":\"[{\\\"mainField\\\":\\\"parent_id\\\",\\\"refTable\\\":\\\"biz_category\\\",\\\"refField\\\":\\\"category_id\\\",\\\"labelField\\\":\\\"category_name\\\",\\\"strategy\\\":\\\"JOIN\\\"},{\\\"mainField\\\":\\\"create_by\\\",\\\"refTable\\\":\\\"sys_user\\\",\\\"refField\\\":\\\"user_id\\\",\\\"labelField\\\":\\\"user_name\\\",\\\"strategy\\\":\\\"JOIN\\\"},{\\\"mainField\\\":\\\"update_by\\\",\\\"refTable\\\":\\\"sys_user\\\",\\\"refField\\\":\\\"user_id\\\",\\\"labelField\\\":\\\"user_name\\\",\\\"strategy\\\":\\\"JOIN\\\"}]\",\"bizKey\":\"category\",\"bizName\":\"дә§е“ҒеҲҶзұ»\",\"bizPath\":\"category\",\"dependenciesJson\":\"[{\\\"bizKey\\\":\\\"sys-user\\\",\\\"serviceClass\\\":\\\"ISysUserService\\\",\\\"fieldName\\\":\\\"sysUserService\\\",\\\"required\\\":true}]\",\"id\":1,\"mainTableId\":2,\"schemaVersion\":\"1.0.0\",\"singleTable\":false,\"subTablesJson\":\"[{\\\"tableId\\\":5,\\\"fkColumn\\\":\\\"category_id\\\",\\\"relationType\\\":\\\"ONE_TO_MANY\\\",\\\"cascadeDelete\\\":true},{\\\"tableId\\\":6,\\\"fkColumn\\\":\\\"category_id\\\",\\\"relationType\\\":\\\"ONE_TO_MANY\\\",\\\"cascadeDelete\\\":false}]\",\"updateTime\":\"2025-12-18 21:44:43.804805800\"},\"headers\":{},\"statusCode\":\"OK\",\"statusCodeValue\":200}', 0, '', NULL, 45);
INSERT INTO `sys_oper_log` VALUES (101, 'д»Јз Ғз”ҹжҲҗ', 2, 'com.ruoyi.generator.controller.GenController.editSave()', 'PUT', 1, 'admin', 'з ”еҸ‘йғЁй—Ё', '/tool/gen', '127.0.0.1', 'еҶ…зҪ‘IP', '{\"businessName\":\"category\",\"className\":\"BizCategory\",\"columns\":[{\"capJavaField\":\"CategoryId\",\"columnComment\":\"еҲҶзұ»ID\",\"columnId\":18,\"columnName\":\"category_id\",\"columnType\":\"bigint\",\"createBy\":\"admin\",\"createTime\":\"2025-12-18 19:03:03\",\"dictType\":\"\",\"edit\":false,\"htmlType\":\"input\",\"increment\":true,\"insert\":true,\"isIncrement\":\"1\",\"isInsert\":\"1\",\"isPk\":\"1\",\"isRequired\":\"0\",\"javaField\":\"categoryId\",\"javaType\":\"Long\",\"list\":false,\"params\":{},\"pk\":true,\"query\":false,\"queryType\":\"EQ\",\"required\":false,\"sort\":1,\"superColumn\":false,\"tableId\":2,\"updateBy\":\"\",\"usableColumn\":false},{\"capJavaField\":\"ParentId\",\"columnComment\":\"зҲ¶еҲҶзұ»ID\",\"columnId\":19,\"columnName\":\"parent_id\",\"columnType\":\"bigint\",\"createBy\":\"admin\",\"createTime\":\"2025-12-18 19:03:03\",\"dictType\":\"\",\"edit\":true,\"htmlType\":\"input\",\"increment\":false,\"insert\":true,\"isEdit\":\"1\",\"isIncrement\":\"0\",\"isInsert\":\"1\",\"isList\":\"1\",\"isPk\":\"0\",\"isQuery\":\"1\",\"isRequired\":\"0\",\"javaField\":\"parentId\",\"javaType\":\"Long\",\"list\":true,\"params\":{},\"pk\":false,\"query\":true,\"queryType\":\"EQ\",\"required\":false,\"sort\":2,\"superColumn\":true,\"tableId\":2,\"updateBy\":\"\",\"usableColumn\":true},{\"capJavaField\":\"Ancestors\",\"columnComment\":\"зҘ–зә§еҲ—иЎЁ\",\"columnId\":20,\"columnName\":\"ancestors\",\"columnType\":\"varchar(500)\",\"createBy\":\"admin\",\"createTime\":\"2025-12-18 19:03:03\",\"dictType\":\"\",\"edit\":true,\"htmlType\":\"textarea\",\"increment\":false,\"insert\":true,\"isEdit\":\"1\",\"isIncrement\":\"0\",\"isInsert\":\"1\",\"isList\":\"1\",\"isPk\":\"0\",\"isQuery\":\"1\",\"isRequired\":\"0\",\"javaField\":\"ancestors\",\"javaType\":\"String\",\"list\":true,\"params\":{},\"pk\":false,\"query\":true,\"queryType\":\"EQ\",\"required\":false,\"sort\":3,\"superColumn\":true,\"tableId\":2,\"updateBy\":\"\",\"usableColumn\":false},{\"capJavaField\":\"CategoryName\",\"columnComment\":\"еҲҶзұ»еҗҚз§°\",\"columnId\":21,\"columnName\":\"category_name\",\"columnType\":\"varchar(100)\",\"createBy\":\"admin\",\"createTime\":\"2025-12-18 19:03:03\",\"dictType\":\"\",\"edit\":true,\"htmlType\":\"input\",\"increment\":false,\"insert\":true,\"isEdit\":\"1\",\"isIncrement\":\"0\",\"isInsert\":\"1\",\"isList\":\"1\",\"isPk\":\"0\",\"is', '{\"msg\":\"ж“ҚдҪңжҲҗеҠҹ\",\"code\":200}', 0, '', NULL, 83);
INSERT INTO `sys_oper_log` VALUES (102, 'еӯ—е…ёзұ»еһӢ', 1, 'com.ruoyi.web.controller.system.SysDictTypeController.add()', 'POST', 1, 'admin', 'з ”еҸ‘йғЁй—Ё', '/system/dict/type', '127.0.0.1', 'еҶ…зҪ‘IP', '{\"createBy\":\"admin\",\"dictName\":\"дә§е“ҒеҲҶзұ»иЎЁ-еҲ йҷӨж Үеҝ—\",\"dictType\":\"biz_category_del_flag\",\"params\":{},\"remark\":\"з”ұAIжҷәиғҪжҺЁиҚҗиҮӘеҠЁеҲӣе»ә\",\"status\":\"0\"} ', '{\"msg\":\"ж“ҚдҪңжҲҗеҠҹ\",\"code\":200}', 0, '', NULL, 188);
INSERT INTO `sys_oper_log` VALUES (103, 'еӯ—е…ёж•°жҚ®', 1, 'com.ruoyi.web.controller.system.SysDictDataController.add()', 'POST', 1, 'admin', 'з ”еҸ‘йғЁй—Ё', '/system/dict/data', '127.0.0.1', 'еҶ…зҪ‘IP', '{\"createBy\":\"admin\",\"cssClass\":\"\",\"default\":false,\"dictLabel\":\"еӯҳеңЁ\",\"dictSort\":1,\"dictType\":\"biz_category_del_flag\",\"dictValue\":\"0\",\"params\":{},\"status\":\"0\"} ', '{\"msg\":\"ж“ҚдҪңжҲҗеҠҹ\",\"code\":200}', 0, '', NULL, 23);
INSERT INTO `sys_oper_log` VALUES (104, 'еӯ—е…ёж•°жҚ®', 1, 'com.ruoyi.web.controller.system.SysDictDataController.add()', 'POST', 1, 'admin', 'з ”еҸ‘йғЁй—Ё', '/system/dict/data', '127.0.0.1', 'еҶ…зҪ‘IP', '{\"createBy\":\"admin\",\"cssClass\":\"\",\"default\":false,\"dictLabel\":\"еҲ йҷӨ\",\"dictSort\":2,\"dictType\":\"biz_category_del_flag\",\"dictValue\":\"2\",\"params\":{},\"status\":\"0\"} ', '{\"msg\":\"ж“ҚдҪңжҲҗеҠҹ\",\"code\":200}', 0, '', NULL, 16);
INSERT INTO `sys_oper_log` VALUES (105, 'з”ЁжҲ·з®ЎзҗҶ', 1, 'com.ruoyi.web.controller.system.SysUserController.add()', 'POST', 1, 'admin', 'з ”еҸ‘йғЁй—Ё', '/system/user', '127.0.0.1', 'еҶ…зҪ‘IP', '{\"admin\":false,\"createBy\":\"admin\",\"deptId\":103,\"nickName\":\"ceshi\",\"params\":{},\"postIds\":[1,2],\"roleIds\":[2],\"sex\":\"0\",\"status\":\"0\",\"userId\":100,\"userName\":\"ceshi\"} ', '{\"msg\":\"ж“ҚдҪңжҲҗеҠҹ\",\"code\":200}', 0, '', NULL, 163);
INSERT INTO `sys_oper_log` VALUES (106, 'з”ЁжҲ·з®ЎзҗҶ', 4, 'com.ruoyi.web.controller.system.SysUserController.insertAuthRole()', 'PUT', 1, 'admin', 'з ”еҸ‘йғЁй—Ё', '/system/user/authRole', '127.0.0.1', 'еҶ…зҪ‘IP', '{\"roleIds\":\"2\",\"userId\":\"100\"}', '{\"msg\":\"ж“ҚдҪңжҲҗеҠҹ\",\"code\":200}', 0, '', NULL, 24);
INSERT INTO `sys_oper_log` VALUES (107, 'з”ЁжҲ·з®ЎзҗҶ', 2, 'com.ruoyi.web.controller.system.SysUserController.edit()', 'PUT', 1, 'admin', 'з ”еҸ‘йғЁй—Ё', '/system/user', '127.0.0.1', 'еҶ…зҪ‘IP', '{\"admin\":false,\"avatar\":\"\",\"createBy\":\"admin\",\"createTime\":\"2026-01-14 14:25:37\",\"delFlag\":\"0\",\"dept\":{\"ancestors\":\"0,100,101\",\"children\":[],\"deptId\":103,\"deptName\":\"з ”еҸ‘йғЁй—Ё\",\"leader\":\"иӢҘдҫқ\",\"orderNum\":1,\"params\":{},\"parentId\":101,\"status\":\"0\"},\"deptId\":103,\"email\":\"\",\"loginIp\":\"\",\"nickName\":\"ceshi\",\"params\":{},\"phonenumber\":\"\",\"postIds\":[1,2],\"remark\":\"123\",\"roleIds\":[2],\"roles\":[{\"admin\":false,\"dataScope\":\"2\",\"deptCheckStrictly\":false,\"flag\":false,\"menuCheckStrictly\":false,\"params\":{},\"roleId\":2,\"roleKey\":\"common\",\"roleName\":\"жҷ®йҖҡи§’иүІ\",\"roleSort\":2,\"status\":\"0\"}],\"sex\":\"0\",\"status\":\"0\",\"updateBy\":\"admin\",\"userId\":100,\"userName\":\"ceshi\"} ', '{\"msg\":\"ж“ҚдҪңжҲҗеҠҹ\",\"code\":200}', 0, '', NULL, 1989);
INSERT INTO `sys_oper_log` VALUES (108, 'з”ЁжҲ·з®ЎзҗҶ', 2, 'com.ruoyi.web.controller.system.SysUserController.edit()', 'PUT', 1, 'admin', 'з ”еҸ‘йғЁй—Ё', '/system/user', '127.0.0.1', 'еҶ…зҪ‘IP', '{\"admin\":false,\"avatar\":\"\",\"createBy\":\"admin\",\"createTime\":\"2026-01-14 14:25:37\",\"delFlag\":\"0\",\"dept\":{\"ancestors\":\"0,100,101\",\"children\":[],\"deptId\":103,\"deptName\":\"з ”еҸ‘йғЁй—Ё\",\"leader\":\"иӢҘдҫқ\",\"orderNum\":1,\"params\":{},\"parentId\":101,\"status\":\"0\"},\"deptId\":103,\"email\":\"\",\"loginIp\":\"\",\"nickName\":\"ceshi\",\"params\":{},\"phonenumber\":\"\",\"postIds\":[1,2],\"remark\":\"123\",\"roleIds\":[2],\"roles\":[{\"admin\":false,\"dataScope\":\"2\",\"deptCheckStrictly\":false,\"flag\":false,\"menuCheckStrictly\":false,\"params\":{},\"roleId\":2,\"roleKey\":\"common\",\"roleName\":\"жҷ®йҖҡи§’иүІ\",\"roleSort\":2,\"status\":\"0\"}],\"sex\":\"0\",\"status\":\"0\",\"updateBy\":\"admin\",\"userId\":100,\"userName\":\"ceshi\"} ', '{\"msg\":\"ж“ҚдҪңжҲҗеҠҹ\",\"code\":200}', 0, '', NULL, 780);
INSERT INTO `sys_oper_log` VALUES (109, 'з”ЁжҲ·з®ЎзҗҶ', 2, 'com.ruoyi.web.controller.system.SysUserController.resetPwd()', 'PUT', 1, 'admin', 'з ”еҸ‘йғЁй—Ё', '/system/user/resetPwd', '127.0.0.1', 'еҶ…зҪ‘IP', '{\"admin\":false,\"params\":{},\"updateBy\":\"admin\",\"userId\":100} ', '{\"msg\":\"ж“ҚдҪңжҲҗеҠҹ\",\"code\":200}', 0, '', NULL, 4828);
INSERT INTO `sys_oper_log` VALUES (110, 'з”ЁжҲ·з®ЎзҗҶ', 3, 'com.ruoyi.web.controller.system.SysUserController.remove()', 'DELETE', 1, 'admin', 'з ”еҸ‘йғЁй—Ё', '/system/user/100', '127.0.0.1', 'еҶ…зҪ‘IP', '[100] ', '{\"msg\":\"ж“ҚдҪңжҲҗеҠҹ\",\"code\":200}', 0, '', NULL, 829);
INSERT INTO `sys_oper_log` VALUES (111, 'з”ЁжҲ·з®ЎзҗҶ', 5, 'com.ruoyi.web.controller.system.SysUserController.export()', 'POST', 1, 'admin', 'з ”еҸ‘йғЁй—Ё', '/system/user/export', '127.0.0.1', 'еҶ…зҪ‘IP', '{\"pageSize\":\"10\",\"pageNum\":\"1\"}', '', 0, '', NULL, 694);
INSERT INTO `sys_oper_log` VALUES (112, 'и§’иүІз®ЎзҗҶ', 1, 'com.ruoyi.web.controller.system.SysRoleController.add()', 'POST', 1, 'admin', 'з ”еҸ‘йғЁй—Ё', '/system/role', '127.0.0.1', 'еҶ…зҪ‘IP', '{\"admin\":false,\"createBy\":\"admin\",\"deptCheckStrictly\":true,\"deptIds\":[],\"flag\":false,\"menuCheckStrictly\":true,\"menuIds\":[1,100,1000,1001,1002,1003,1004,1005,1006,101,1007,1008,1009,1010,1011,102,1012,1013,1014,1015,103,1016,1017,1018,1019,104,1020,1021,1022,1023,1024,105,1025,1026,1027,1028,1029,106,1030,1031,1032,1033,1034,107,1035,1036,1037,1038,108,500,1039,1040,1041,501,1042,1043,1044,1045,2,109,1046,1047,1048,110,1049,1050,1051,1052,1053,1054,111,112,113,114],\"params\":{},\"roleId\":100,\"roleKey\":\"cs\",\"roleName\":\"cs\",\"roleSort\":3,\"status\":\"0\"} ', '{\"msg\":\"ж“ҚдҪңжҲҗеҠҹ\",\"code\":200}', 0, '', NULL, 275);
INSERT INTO `sys_oper_log` VALUES (113, 'и§’иүІз®ЎзҗҶ', 2, 'com.ruoyi.web.controller.system.SysRoleController.dataScope()', 'PUT', 1, 'admin', 'з ”еҸ‘йғЁй—Ё', '/system/role/dataScope', '127.0.0.1', 'еҶ…зҪ‘IP', '{\"admin\":false,\"createTime\":\"2026-01-14 14:27:08\",\"dataScope\":\"1\",\"delFlag\":\"0\",\"deptCheckStrictly\":true,\"deptIds\":[],\"flag\":false,\"menuCheckStrictly\":true,\"params\":{},\"roleId\":100,\"roleKey\":\"cs\",\"roleName\":\"cs\",\"roleSort\":3,\"status\":\"0\"} ', '{\"msg\":\"ж“ҚдҪңжҲҗеҠҹ\",\"code\":200}', 0, '', NULL, 28);
INSERT INTO `sys_oper_log` VALUES (114, 'и§’иүІз®ЎзҗҶ', 2, 'com.ruoyi.web.controller.system.SysRoleController.edit()', 'PUT', 1, 'admin', 'з ”еҸ‘йғЁй—Ё', '/system/role', '127.0.0.1', 'еҶ…зҪ‘IP', '{\"admin\":false,\"createTime\":\"2026-01-14 14:27:08\",\"dataScope\":\"1\",\"delFlag\":\"0\",\"deptCheckStrictly\":true,\"flag\":false,\"menuCheckStrictly\":true,\"menuIds\":[3,1,100,1000,1001,1002,1003,1004,1005,1006,101,1007,1008,1009,1010,1011,102,1012,1013,1014,1015,103,1016,1017,1018,1019,104,1020,1021,1022,1023,1024,105,1025,1026,1027,1028,1029,106,1030,1031,1032,1033,1034,107,1035,1036,1037,1038,108,500,1039,1040,1041,501,1042,1043,1044,1045,2,109,1046,1047,1048,110,1049,1050,1051,1052,1053,1054,111,112,113,114,115],\"params\":{},\"roleId\":100,\"roleKey\":\"cs\",\"roleName\":\"cs\",\"roleSort\":3,\"status\":\"0\",\"updateBy\":\"admin\"} ', '{\"msg\":\"ж“ҚдҪңжҲҗеҠҹ\",\"code\":200}', 0, '', NULL, 37);
INSERT INTO `sys_oper_log` VALUES (115, 'и§’иүІз®ЎзҗҶ', 3, 'com.ruoyi.web.controller.system.SysRoleController.remove()', 'DELETE', 1, 'admin', 'з ”еҸ‘йғЁй—Ё', '/system/role/100', '127.0.0.1', 'еҶ…зҪ‘IP', '[100] ', '{\"msg\":\"ж“ҚдҪңжҲҗеҠҹ\",\"code\":200}', 0, '', NULL, 37);
INSERT INTO `sys_oper_log` VALUES (116, 'иҸңеҚ•з®ЎзҗҶ', 1, 'com.ruoyi.web.controller.system.SysMenuController.add()', 'POST', 1, 'admin', 'з ”еҸ‘йғЁй—Ё', '/system/menu', '127.0.0.1', 'еҶ…зҪ‘IP', '{\"children\":[],\"createBy\":\"admin\",\"icon\":\"color\",\"isCache\":\"0\",\"isFrame\":\"1\",\"menuName\":\"sc\",\"menuType\":\"M\",\"orderNum\":5,\"params\":{},\"parentId\":0,\"path\":\"cs\",\"status\":\"0\",\"visible\":\"0\"} ', '{\"msg\":\"ж“ҚдҪңжҲҗеҠҹ\",\"code\":200}', 0, '', NULL, 28);
INSERT INTO `sys_oper_log` VALUES (117, 'иҸңеҚ•з®ЎзҗҶ', 3, 'com.ruoyi.web.controller.system.SysMenuController.remove()', 'DELETE', 1, 'admin', 'з ”еҸ‘йғЁй—Ё', '/system/menu/2000', '127.0.0.1', 'еҶ…зҪ‘IP', '2000 ', '{\"msg\":\"ж“ҚдҪңжҲҗеҠҹ\",\"code\":200}', 0, '', NULL, 257);
INSERT INTO `sys_oper_log` VALUES (118, 'йғЁй—Ёз®ЎзҗҶ', 2, 'com.ruoyi.web.controller.system.SysDeptController.edit()', 'PUT', 1, 'admin', 'з ”еҸ‘йғЁй—Ё', '/system/dept', '127.0.0.1', 'еҶ…зҪ‘IP', '{\"ancestors\":\"0,100\",\"children\":[],\"deptId\":101,\"deptName\":\"ж·ұеңіжҖ»е…¬еҸё\",\"email\":\"ry@qq.com\",\"leader\":\"иӢҘдҫқ\",\"orderNum\":1,\"params\":{},\"parentId\":100,\"parentName\":\"иӢҘдҫқз§‘жҠҖ\",\"phone\":\"15888888888\",\"status\":\"1\"} ', '{\"msg\":\"иҜҘйғЁй—ЁеҢ…еҗ«жңӘеҒңз”Ёзҡ„еӯҗйғЁй—ЁпјҒ\",\"code\":500}', 0, '', NULL, 14);
INSERT INTO `sys_oper_log` VALUES (119, 'йғЁй—Ёз®ЎзҗҶ', 2, 'com.ruoyi.web.controller.system.SysDeptController.edit()', 'PUT', 1, 'admin', 'з ”еҸ‘йғЁй—Ё', '/system/dept', '127.0.0.1', 'еҶ…зҪ‘IP', '{\"ancestors\":\"0,100,102\",\"children\":[],\"deptId\":109,\"deptName\":\"иҙўеҠЎйғЁй—Ё\",\"email\":\"ry@qq.com\",\"leader\":\"иӢҘдҫқ\",\"orderNum\":2,\"params\":{},\"parentId\":102,\"parentName\":\"й•ҝжІҷеҲҶе…¬еҸё\",\"phone\":\"15888888888\",\"status\":\"1\",\"updateBy\":\"admin\"} ', '{\"msg\":\"ж“ҚдҪңжҲҗеҠҹ\",\"code\":200}', 0, '', NULL, 42);
INSERT INTO `sys_oper_log` VALUES (120, 'йғЁй—Ёз®ЎзҗҶ', 2, 'com.ruoyi.web.controller.system.SysDeptController.edit()', 'PUT', 1, 'admin', 'з ”еҸ‘йғЁй—Ё', '/system/dept', '127.0.0.1', 'еҶ…зҪ‘IP', '{\"ancestors\":\"0,100,102\",\"children\":[],\"deptId\":109,\"deptName\":\"иҙўеҠЎйғЁй—Ё\",\"email\":\"ry@qq.com\",\"leader\":\"иӢҘдҫқ\",\"orderNum\":2,\"params\":{},\"parentId\":102,\"parentName\":\"й•ҝжІҷеҲҶе…¬еҸё\",\"phone\":\"15888888888\",\"status\":\"0\",\"updateBy\":\"admin\"} ', '{\"msg\":\"ж“ҚдҪңжҲҗеҠҹ\",\"code\":200}', 0, '', NULL, 32);
INSERT INTO `sys_oper_log` VALUES (121, 'еІ—дҪҚз®ЎзҗҶ', 2, 'com.ruoyi.web.controller.system.SysPostController.edit()', 'PUT', 1, 'admin', 'з ”еҸ‘йғЁй—Ё', '/system/post', '127.0.0.1', 'еҶ…зҪ‘IP', '{\"createBy\":\"admin\",\"createTime\":\"2025-12-18 18:03:00\",\"flag\":false,\"params\":{},\"postCode\":\"user\",\"postId\":4,\"postName\":\"жҷ®йҖҡе‘ҳе·Ҙ\",\"postSort\":4,\"remark\":\"\",\"status\":\"1\",\"updateBy\":\"admin\",\"updateTime\":\"2026-01-14 14:28:16\"} ', '{\"msg\":\"ж“ҚдҪңжҲҗеҠҹ\",\"code\":200}', 0, '', NULL, 37);
INSERT INTO `sys_oper_log` VALUES (122, 'еІ—дҪҚз®ЎзҗҶ', 2, 'com.ruoyi.web.controller.system.SysPostController.edit()', 'PUT', 1, 'admin', 'з ”еҸ‘йғЁй—Ё', '/system/post', '127.0.0.1', 'еҶ…зҪ‘IP', '{\"createBy\":\"admin\",\"createTime\":\"2025-12-18 18:03:00\",\"flag\":false,\"params\":{},\"postCode\":\"user\",\"postId\":4,\"postName\":\"жҷ®йҖҡе‘ҳе·Ҙ\",\"postSort\":4,\"remark\":\"\",\"status\":\"0\",\"updateBy\":\"admin\",\"updateTime\":\"2026-01-14 14:28:17\"} ', '{\"msg\":\"ж“ҚдҪңжҲҗеҠҹ\",\"code\":200}', 0, '', NULL, 21);
INSERT INTO `sys_oper_log` VALUES (123, 'д»»еҠЎз®ЎзҗҶ', 1, 'com.campus.web.controller.task.CampusTaskController.add()', 'POST', 1, 'admin', 'ж ЎеӣӯдҝЎжҒҜдёӯеҝғ', '/campus/task', '127.0.0.1', 'еҶ…зҪ‘IP', '{\"createBy\":\"admin\",\"createTime\":\"2026-04-12 23:44:31\",\"deadlineTime\":\"2026-04-15 18:00:00\",\"params\":{},\"priority\":\"1\",\"progressPercent\":0,\"publishUserId\":1,\"receiveUserId\":2,\"startTime\":\"2026-04-12 09:00:00\",\"taskContent\":\"пҝҪУҝЪІпҝҪпҝҪпҝҪпҝҪпҝҪ\",\"taskId\":100,\"taskStatus\":\"0\",\"taskTitle\":\"C2пҝҪпҝҪпҝҪпҝҪпҝҪпҝҪпҝҪпҝҪ\",\"updateBy\":\"admin\",\"updateTime\":\"2026-04-12 23:44:31\"} ', '{\"msg\":\"ж“ҚдҪңжҲҗеҠҹ\",\"code\":200}', 0, '', NULL, 223);
INSERT INTO `sys_oper_log` VALUES (124, 'д»»еҠЎз®ЎзҗҶ', 2, 'com.campus.web.controller.task.CampusTaskController.edit()', 'PUT', 1, 'admin', 'ж ЎеӣӯдҝЎжҒҜдёӯеҝғ', '/campus/task', '127.0.0.1', 'еҶ…зҪ‘IP', '{\"params\":{},\"priority\":\"2\",\"taskId\":100,\"taskTitle\":\"C2пҝҪпҝҪпҝҪпҝҪпҝҪпҝҪпҝҪпҝҪ-пҝҪпҝҪпҝҪЮёпҝҪ\",\"updateBy\":\"admin\",\"updateTime\":\"2026-04-12 23:44:31\"} ', '{\"msg\":\"ж“ҚдҪңжҲҗеҠҹ\",\"code\":200}', 0, '', NULL, 16);
INSERT INTO `sys_oper_log` VALUES (125, 'д»»еҠЎз®ЎзҗҶ', 2, 'com.campus.web.controller.task.CampusTaskController.changeStatus()', 'PUT', 1, 'admin', 'ж ЎеӣӯдҝЎжҒҜдёӯеҝғ', '/campus/task/status', '127.0.0.1', 'еҶ…зҪ‘IP', '{\"finishTime\":\"2026-04-12 23:44:31\",\"params\":{},\"progressPercent\":100,\"taskId\":100,\"taskStatus\":\"2\",\"updateBy\":\"admin\",\"updateTime\":\"2026-04-12 23:44:31\"} ', '{\"msg\":\"ж“ҚдҪңжҲҗеҠҹ\",\"code\":200}', 0, '', NULL, 23);
INSERT INTO `sys_oper_log` VALUES (126, 'д»»еҠЎз®ЎзҗҶ', 3, 'com.campus.web.controller.task.CampusTaskController.remove()', 'DELETE', 1, 'admin', 'ж ЎеӣӯдҝЎжҒҜдёӯеҝғ', '/campus/task/100', '127.0.0.1', 'еҶ…зҪ‘IP', '[100] ', '{\"msg\":\"ж“ҚдҪңжҲҗеҠҹ\",\"code\":200}', 0, '', NULL, 54);
INSERT INTO `sys_oper_log` VALUES (127, 'иҜ·еҒҮз®ЎзҗҶ', 1, 'com.campus.web.controller.leave.CampusLeaveApplyController.add()', 'POST', 1, 'admin', 'ж ЎеӣӯдҝЎжҒҜдёӯеҝғ', '/campus/leave', '127.0.0.1', 'еҶ…зҪ‘IP', '{\"applicantUserId\":1,\"approverUserId\":3,\"contactPhone\":\"13800000000\",\"createBy\":\"admin\",\"createTime\":\"2026-04-12 23:44:58\",\"endTime\":\"2026-04-13 18:00:00\",\"leaveDays\":1.0,\"leaveId\":100,\"leaveReason\":\"пҝҪУҝЪІпҝҪпҝҪпҝҪ\",\"leaveStatus\":\"0\",\"leaveTitle\":\"C2пҝҪпҝҪпҝҪпҝҪпҝҪпҝҪпҝҪ\",\"leaveType\":\"1\",\"params\":{},\"startTime\":\"2026-04-13 08:00:00\",\"updateBy\":\"admin\",\"updateTime\":\"2026-04-12 23:44:58\"} ', '{\"msg\":\"ж“ҚдҪңжҲҗеҠҹ\",\"code\":200}', 0, '', NULL, 150);
INSERT INTO `sys_oper_log` VALUES (128, 'иҜ·еҒҮе®Ўжү№', 2, 'com.campus.web.controller.leave.CampusLeaveApplyController.approve()', 'PUT', 1, 'admin', 'ж ЎеӣӯдҝЎжҒҜдёӯеҝғ', '/campus/leave/approve', '127.0.0.1', 'еҶ…зҪ‘IP', '{\"approverUserId\":1,\"auditRemark\":\"Н¬пҝҪпҝҪ\",\"leaveId\":1,\"leaveStatus\":\"1\",\"params\":{},\"updateBy\":\"admin\",\"updateTime\":\"2026-04-12 23:44:58\"} ', '{\"msg\":\"ж“ҚдҪңжҲҗеҠҹ\",\"code\":200}', 0, '', NULL, 136);
INSERT INTO `sys_oper_log` VALUES (129, 'иҜ·еҒҮж’Өеӣһ', 2, 'com.campus.web.controller.leave.CampusLeaveApplyController.revoke()', 'PUT', 1, 'admin', 'ж ЎеӣӯдҝЎжҒҜдёӯеҝғ', '/campus/leave/revoke/100', '127.0.0.1', 'еҶ…зҪ‘IP', '100 ', '{\"msg\":\"ж“ҚдҪңжҲҗеҠҹ\",\"code\":200}', 0, '', NULL, 136);
INSERT INTO `sys_oper_log` VALUES (130, 'ж–Үд»¶з®ЎзҗҶ', 1, 'com.campus.web.controller.file.CampusSharedFileController.add()', 'POST', 1, 'admin', 'ж ЎеӣӯдҝЎжҒҜдёӯеҝғ', '/campus/file', '127.0.0.1', 'еҶ…зҪ‘IP', '{\"accessScope\":\"0\",\"createBy\":\"admin\",\"createTime\":\"2026-04-12 23:44:58\",\"fileCategory\":\"1\",\"fileId\":100,\"fileName\":\"C2пҝҪпҝҪпҝҪпҝҪпҝҪДјпҝҪ\",\"filePath\":\"/upload/test.pdf\",\"fileSize\":102400,\"fileSuffix\":\"pdf\",\"fileUrl\":\"/profile/upload/test.pdf\",\"originalName\":\"test.pdf\",\"params\":{},\"status\":\"0\",\"updateBy\":\"admin\",\"updateTime\":\"2026-04-12 23:44:58\",\"uploadUserId\":1} ', '{\"msg\":\"ж“ҚдҪңжҲҗеҠҹ\",\"code\":200}', 0, '', NULL, 54);
INSERT INTO `sys_oper_log` VALUES (131, 'ж–Үд»¶з®ЎзҗҶ', 3, 'com.campus.web.controller.file.CampusSharedFileController.remove()', 'DELETE', 1, 'admin', 'ж ЎеӣӯдҝЎжҒҜдёӯеҝғ', '/campus/file/100', '127.0.0.1', 'еҶ…зҪ‘IP', '[100] ', '{\"msg\":\"ж“ҚдҪңжҲҗеҠҹ\",\"code\":200}', 0, '', NULL, 11);
INSERT INTO `sys_oper_log` VALUES (132, 'иҸңеҚ•з®ЎзҗҶ', 2, 'com.campus.web.controller.system.SysMenuController.edit()', 'PUT', 1, 'admin', 'ж ЎеӣӯдҝЎжҒҜдёӯеҝғ', '/system/menu', '127.0.0.1', 'еҶ…зҪ‘IP', '{\"children\":[],\"createTime\":\"2025-12-18 18:03:00\",\"icon\":\"monitor\",\"isCache\":\"0\",\"isFrame\":\"1\",\"menuId\":2,\"menuName\":\"зі»з»ҹзӣ‘жҺ§\",\"menuType\":\"M\",\"orderNum\":2,\"params\":{},\"parentId\":0,\"path\":\"monitor\",\"perms\":\"\",\"query\":\"\",\"routeName\":\"\",\"status\":\"1\",\"updateBy\":\"admin\",\"visible\":\"1\"} ', '{\"msg\":\"ж“ҚдҪңжҲҗеҠҹ\",\"code\":200}', 0, '', NULL, 77);
INSERT INTO `sys_oper_log` VALUES (133, 'иҸңеҚ•з®ЎзҗҶ', 2, 'com.campus.web.controller.system.SysMenuController.edit()', 'PUT', 1, 'admin', 'ж ЎеӣӯдҝЎжҒҜдёӯеҝғ', '/system/menu', '127.0.0.1', 'еҶ…зҪ‘IP', '{\"children\":[],\"component\":\"system/config/index\",\"createTime\":\"2025-12-18 18:03:00\",\"icon\":\"edit\",\"isCache\":\"0\",\"isFrame\":\"1\",\"menuId\":106,\"menuName\":\"еҸӮж•°и®ҫзҪ®\",\"menuType\":\"C\",\"orderNum\":7,\"params\":{},\"parentId\":1,\"path\":\"config\",\"perms\":\"system:config:list\",\"query\":\"\",\"routeName\":\"\",\"status\":\"0\",\"updateBy\":\"admin\",\"visible\":\"1\"} ', '{\"msg\":\"ж“ҚдҪңжҲҗеҠҹ\",\"code\":200}', 0, '', NULL, 23);
INSERT INTO `sys_oper_log` VALUES (134, 'иҸңеҚ•з®ЎзҗҶ', 2, 'com.campus.web.controller.system.SysMenuController.edit()', 'PUT', 1, 'admin', 'ж ЎеӣӯдҝЎжҒҜдёӯеҝғ', '/system/menu', '127.0.0.1', 'еҶ…зҪ‘IP', '{\"children\":[],\"component\":\"system/dict/index\",\"createTime\":\"2025-12-18 18:03:00\",\"icon\":\"dict\",\"isCache\":\"0\",\"isFrame\":\"1\",\"menuId\":105,\"menuName\":\"еӯ—е…ёз®ЎзҗҶ\",\"menuType\":\"C\",\"orderNum\":6,\"params\":{},\"parentId\":1,\"path\":\"dict\",\"perms\":\"system:dict:list\",\"query\":\"\",\"routeName\":\"\",\"status\":\"0\",\"updateBy\":\"admin\",\"visible\":\"1\"} ', '{\"msg\":\"ж“ҚдҪңжҲҗеҠҹ\",\"code\":200}', 0, '', NULL, 189);
INSERT INTO `sys_oper_log` VALUES (135, 'иҸңеҚ•з®ЎзҗҶ', 2, 'com.campus.web.controller.system.SysMenuController.edit()', 'PUT', 1, 'admin', 'ж ЎеӣӯдҝЎжҒҜдёӯеҝғ', '/system/menu', '127.0.0.1', 'еҶ…зҪ‘IP', '{\"children\":[],\"component\":\"system/post/index\",\"createTime\":\"2025-12-18 18:03:00\",\"icon\":\"post\",\"isCache\":\"0\",\"isFrame\":\"1\",\"menuId\":104,\"menuName\":\"еІ—дҪҚз®ЎзҗҶ\",\"menuType\":\"C\",\"orderNum\":5,\"params\":{},\"parentId\":1,\"path\":\"post\",\"perms\":\"system:post:list\",\"query\":\"\",\"routeName\":\"\",\"status\":\"0\",\"updateBy\":\"admin\",\"visible\":\"1\"} ', '{\"msg\":\"ж“ҚдҪңжҲҗеҠҹ\",\"code\":200}', 0, '', NULL, 189);
INSERT INTO `sys_oper_log` VALUES (136, 'иҸңеҚ•з®ЎзҗҶ', 2, 'com.campus.web.controller.system.SysMenuController.edit()', 'PUT', 1, 'admin', 'ж ЎеӣӯдҝЎжҒҜдёӯеҝғ', '/system/menu', '127.0.0.1', 'еҶ…зҪ‘IP', '{\"children\":[],\"component\":\"system/dept/index\",\"createTime\":\"2025-12-18 18:03:00\",\"icon\":\"tree\",\"isCache\":\"0\",\"isFrame\":\"1\",\"menuId\":103,\"menuName\":\"йғЁй—Ёз®ЎзҗҶ\",\"menuType\":\"C\",\"orderNum\":4,\"params\":{},\"parentId\":1,\"path\":\"dept\",\"perms\":\"system:dept:list\",\"query\":\"\",\"routeName\":\"\",\"status\":\"0\",\"updateBy\":\"admin\",\"visible\":\"1\"} ', '{\"msg\":\"ж“ҚдҪңжҲҗеҠҹ\",\"code\":200}', 0, '', NULL, 45);
INSERT INTO `sys_oper_log` VALUES (137, 'иҸңеҚ•з®ЎзҗҶ', 2, 'com.campus.web.controller.system.SysMenuController.edit()', 'PUT', 1, 'admin', 'ж ЎеӣӯдҝЎжҒҜдёӯеҝғ', '/system/menu', '127.0.0.1', 'еҶ…зҪ‘IP', '{\"children\":[],\"component\":\"system/menu/index\",\"createTime\":\"2025-12-18 18:03:00\",\"icon\":\"tree-table\",\"isCache\":\"0\",\"isFrame\":\"1\",\"menuId\":102,\"menuName\":\"иҸңеҚ•з®ЎзҗҶ\",\"menuType\":\"C\",\"orderNum\":3,\"params\":{},\"parentId\":1,\"path\":\"menu\",\"perms\":\"system:menu:list\",\"query\":\"\",\"routeName\":\"\",\"status\":\"0\",\"updateBy\":\"admin\",\"visible\":\"1\"} ', '{\"msg\":\"ж“ҚдҪңжҲҗеҠҹ\",\"code\":200}', 0, '', NULL, 471);
INSERT INTO `sys_oper_log` VALUES (138, 'д»»еҠЎиҜ„и®ә', 1, 'com.campus.web.controller.task.CampusTaskController.addComment()', 'POST', 1, 'admin', 'ж ЎеӣӯдҝЎжҒҜдёӯеҝғ', '/campus/task/comment', '127.0.0.1', 'еҶ…зҪ‘IP', '{\"commentContent\":\"123123\",\"commentId\":100,\"commentUserId\":1,\"createBy\":\"admin\",\"createTime\":\"2026-04-13 13:46:54\",\"params\":{},\"taskId\":2,\"updateBy\":\"admin\",\"updateTime\":\"2026-04-13 13:46:54\"} ', '{\"msg\":\"ж“ҚдҪңжҲҗеҠҹ\",\"code\":200}', 0, '', NULL, 84);
INSERT INTO `sys_oper_log` VALUES (139, 'иҜ·еҒҮз®ЎзҗҶ', 1, 'com.campus.web.controller.leave.CampusLeaveApplyController.add()', 'POST', 1, 'student01', 'зү©иҒ”зҪ‘е·ҘзЁӢ2432зҸӯ', '/campus/leave', '127.0.0.1', 'еҶ…зҪ‘IP', '{\"applicantUserId\":2,\"createBy\":\"student01\",\"createTime\":\"2026-04-13 15:33:46\",\"endTime\":\"2026-04-14 00:00:00\",\"leaveDays\":1,\"leaveId\":101,\"leaveReason\":\"12312312312\",\"leaveStatus\":\"0\",\"leaveTitle\":\"123\",\"leaveType\":\"1\",\"params\":{},\"startTime\":\"2026-04-13 15:33:41\",\"updateBy\":\"student01\",\"updateTime\":\"2026-04-13 15:33:46\"} ', '{\"msg\":\"ж“ҚдҪңжҲҗеҠҹ\",\"code\":200}', 0, '', NULL, 29);
INSERT INTO `sys_oper_log` VALUES (140, 'иҜ·еҒҮж’Өеӣһ', 2, 'com.campus.web.controller.leave.CampusLeaveApplyController.revoke()', 'PUT', 1, 'student01', 'зү©иҒ”зҪ‘е·ҘзЁӢ2432зҸӯ', '/campus/leave/revoke/101', '127.0.0.1', 'еҶ…зҪ‘IP', '101 ', '{\"msg\":\"ж“ҚдҪңжҲҗеҠҹ\",\"code\":200}', 0, '', NULL, 20);
INSERT INTO `sys_oper_log` VALUES (141, 'дёӘдәәдҝЎжҒҜ', 2, 'com.campus.web.controller.system.SysProfileController.updateProfile()', 'PUT', 1, 'student01', 'зү©иҒ”зҪ‘е·ҘзЁӢ2432зҸӯ', '/system/user/profile', '127.0.0.1', 'еҶ…зҪ‘IP', '{\"admin\":false,\"email\":\"student01@stu.hbuas.edu.cn\",\"nickName\":\"еј дёү\",\"params\":{},\"phonenumber\":\"13800138002\",\"sex\":\"1\"} ', '{\"msg\":\"ж“ҚдҪңжҲҗеҠҹ\",\"code\":200}', 0, '', NULL, 21);
INSERT INTO `sys_oper_log` VALUES (142, 'и§’иүІз®ЎзҗҶ', 2, 'com.campus.web.controller.system.SysRoleController.edit()', 'PUT', 1, 'admin', 'ж ЎеӣӯдҝЎжҒҜдёӯеҝғ', '/system/role', '127.0.0.1', 'еҶ…зҪ‘IP', '{\"admin\":false,\"createTime\":\"2025-12-18 18:03:00\",\"dataScope\":\"5\",\"delFlag\":\"0\",\"deptCheckStrictly\":true,\"flag\":false,\"menuCheckStrictly\":true,\"menuIds\":[1,107,2000,2001,2101,2201,1035,2010,2012,2110,2111,2210,2211,2212],\"params\":{},\"remark\":\"еӯҰз”ҹй»ҳи®ӨжіЁеҶҢи§’иүІ\",\"roleId\":2,\"roleKey\":\"student\",\"roleName\":\"еӯҰз”ҹ\",\"roleSort\":2,\"status\":\"0\",\"updateBy\":\"admin\"} ', '{\"msg\":\"ж“ҚдҪңжҲҗеҠҹ\",\"code\":200}', 0, '', NULL, 68);
INSERT INTO `sys_oper_log` VALUES (143, 'д»»еҠЎз®ЎзҗҶ', 2, 'com.campus.web.controller.task.CampusTaskController.edit()', 'PUT', 1, 'admin', 'ж ЎеӣӯдҝЎжҒҜдёӯеҝғ', '/campus/task', '127.0.0.1', 'еҶ…зҪ‘IP', '{\"attachmentName\":\"\",\"attachmentUrl\":\"\",\"commentCount\":1,\"createBy\":\"teacher01\",\"createTime\":\"2026-04-10 09:00:00\",\"deadlineTime\":\"2026-04-15 17:30:00\",\"params\":{},\"priority\":\"2\",\"progressPercent\":0,\"publishUserId\":3,\"receiveUserId\":2,\"remark\":\"з”ЁдәҺзҸӯзә§йЎ№зӣ®еұ•зӨә\",\"startTime\":\"2026-04-10 09:00:00\",\"taskContent\":\"иҜ·жўізҗҶд»»еҠЎдёӯеҝғгҖҒж–Үд»¶дёӯеҝғе’ҢиҜ·еҒҮе®Ўжү№дёүжқЎж ёеҝғжөҒзЁӢпјҢеҮҶеӨҮдёӢе‘ЁиҜҫе Ӯжј”зӨәгҖӮ\",\"taskId\":2,\"taskStatus\":\"0\",\"taskTitle\":\"ж ЎеӣӯеҚҸеҗҢе№іеҸ°еҠҹиғҪжј”зӨәеҪ©жҺ’\",\"updateBy\":\"admin\",\"updateTime\":\"2026-04-10 09:00:00\"} ', '{\"msg\":\"ж“ҚдҪңжҲҗеҠҹ\",\"code\":200}', 0, '', NULL, 271);
INSERT INTO `sys_oper_log` VALUES (144, 'д»»еҠЎз®ЎзҗҶ', 2, 'com.campus.web.controller.task.CampusTaskController.edit()', 'PUT', 1, 'admin', 'ж ЎеӣӯдҝЎжҒҜдёӯеҝғ', '/campus/task', '127.0.0.1', 'еҶ…зҪ‘IP', '{\"attachmentName\":\"ејҖйўҳжҠҘе‘Ҡд»»еҠЎиҜҙжҳҺ.docx\",\"attachmentUrl\":\"/profile/upload/2026/04/task-opening-guide.docx\",\"commentCount\":2,\"createBy\":\"teacher01\",\"createTime\":\"2026-04-08 08:30:00\",\"deadlineTime\":\"2026-04-12 18:00:00\",\"params\":{},\"priority\":\"3\",\"progressPercent\":70,\"publishUserId\":3,\"receiveUserId\":2,\"remark\":\"еҜјеёҲйҮҚзӮ№е…іжіЁеӣҪеҶ…еӨ–з ”з©¶зҺ°зҠ¶йғЁеҲҶ\",\"startTime\":\"2026-04-08 08:30:00\",\"taskContent\":\"иҜ·ж №жҚ®еҜјеёҲж„Ҹи§ҒиЎҘе……з ”з©¶зҺ°зҠ¶дёҺжҠҖжңҜи·ҜзәҝпјҢе№¶еңЁжҲӘжӯўеүҚдёҠдј ејҖйўҳжҠҘе‘ҠеҲқзЁҝгҖӮ\",\"taskId\":1,\"taskStatus\":\"1\",\"taskTitle\":\"жҜ•дёҡи®ҫи®ЎејҖйўҳжҠҘе‘ҠжҸҗдәӨ\",\"updateBy\":\"admin\",\"updateTime\":\"2026-04-10 20:10:00\"} ', '{\"msg\":\"ж“ҚдҪңжҲҗеҠҹ\",\"code\":200}', 0, '', NULL, 13);
INSERT INTO `sys_oper_log` VALUES (145, 'д»»еҠЎиҜ„и®ә', 1, 'com.campus.web.controller.task.CampusTaskController.addComment()', 'POST', 1, 'admin', 'ж ЎеӣӯдҝЎжҒҜдёӯеҝғ', '/campus/task/comment', '127.0.0.1', 'еҶ…зҪ‘IP', '{\"commentContent\":\"3213213123\",\"commentId\":101,\"commentUserId\":1,\"createBy\":\"admin\",\"createTime\":\"2026-04-13 16:37:30\",\"params\":{},\"taskId\":1,\"updateBy\":\"admin\",\"updateTime\":\"2026-04-13 16:37:30\"} ', '{\"msg\":\"ж“ҚдҪңжҲҗеҠҹ\",\"code\":200}', 0, '', NULL, 30);
INSERT INTO `sys_oper_log` VALUES (146, 'ж–Үд»¶з®ЎзҗҶ', 2, 'com.campus.web.controller.file.CampusSharedFileController.edit()', 'PUT', 1, 'admin', 'ж ЎеӣӯдҝЎжҒҜдёӯеҝғ', '/campus/file', '127.0.0.1', 'еҶ…зҪ‘IP', '{\"accessScope\":\"1\",\"createBy\":\"student01\",\"createTime\":\"2026-04-09 19:15:00\",\"downloadCount\":5,\"fileCategory\":\"2\",\"fileId\":2,\"fileName\":\"д»»еҠЎеҲҶе·ҘиҜҙжҳҺ\",\"filePath\":\"/upload/2026/04/task-division.pdf\",\"fileSize\":184320,\"fileSuffix\":\"pdf\",\"fileUrl\":\"/profile/upload/2026/04/task-division.pdf\",\"originalName\":\"д»»еҠЎеҲҶе·ҘиҜҙжҳҺ.pdf\",\"params\":{},\"remark\":\"еӯҰз”ҹдёҠдј зҡ„еҚҸдҪңж–ҮжЎЈ\",\"status\":\"0\",\"updateBy\":\"admin\",\"updateTime\":\"2026-04-09 19:15:00\",\"uploadUserId\":2} ', '{\"msg\":\"ж“ҚдҪңжҲҗеҠҹ\",\"code\":200}', 0, '', NULL, 14);
INSERT INTO `sys_oper_log` VALUES (147, 'ж–Үд»¶з®ЎзҗҶ', 2, 'com.campus.web.controller.file.CampusSharedFileController.edit()', 'PUT', 1, 'admin', 'ж ЎеӣӯдҝЎжҒҜдёӯеҝғ', '/campus/file', '127.0.0.1', 'еҶ…зҪ‘IP', '{\"accessScope\":\"0\",\"createBy\":\"student01\",\"createTime\":\"2026-04-09 19:15:00\",\"downloadCount\":5,\"fileCategory\":\"2\",\"fileId\":2,\"fileName\":\"д»»еҠЎеҲҶе·ҘиҜҙжҳҺ\",\"filePath\":\"/upload/2026/04/task-division.pdf\",\"fileSize\":184320,\"fileSuffix\":\"pdf\",\"fileUrl\":\"/profile/upload/2026/04/task-division.pdf\",\"originalName\":\"д»»еҠЎеҲҶе·ҘиҜҙжҳҺ.pdf\",\"params\":{},\"remark\":\"еӯҰз”ҹдёҠдј зҡ„еҚҸдҪңж–ҮжЎЈ\",\"status\":\"0\",\"updateBy\":\"admin\",\"updateTime\":\"2026-04-13 16:37:50\",\"uploadUserId\":2} ', '{\"msg\":\"ж“ҚдҪңжҲҗеҠҹ\",\"code\":200}', 0, '', NULL, 11);
INSERT INTO `sys_oper_log` VALUES (148, 'иҜ·еҒҮз®ЎзҗҶ', 3, 'com.campus.web.controller.leave.CampusLeaveApplyController.remove()', 'DELETE', 1, 'admin', 'ж ЎеӣӯдҝЎжҒҜдёӯеҝғ', '/campus/leave/1,101', '127.0.0.1', 'еҶ…зҪ‘IP', '[1,101] ', '{\"msg\":\"ж“ҚдҪңжҲҗеҠҹ\",\"code\":200}', 0, '', NULL, 16);
INSERT INTO `sys_oper_log` VALUES (149, 'д»»еҠЎз®ЎзҗҶ', 2, 'com.campus.web.controller.task.CampusTaskController.edit()', 'PUT', 1, 'teacher01', 'и®Ўз®—жңәе·ҘзЁӢеӯҰйҷў', '/campus/task', '127.0.0.1', 'еҶ…зҪ‘IP', '{\"attachmentName\":\"\",\"attachmentUrl\":\"\",\"commentCount\":1,\"createBy\":\"teacher01\",\"createTime\":\"2026-04-10 09:00:00\",\"deadlineTime\":\"2026-04-15 17:30:00\",\"params\":{},\"priority\":\"2\",\"progressPercent\":0,\"publishUserId\":3,\"receiveUserId\":2,\"remark\":\"з”ЁдәҺзҸӯзә§йЎ№зӣ®еұ•зӨә\",\"startTime\":\"2026-04-10 09:00:00\",\"taskContent\":\"иҜ·жўізҗҶд»»еҠЎдёӯеҝғгҖҒж–Үд»¶дёӯеҝғе’ҢиҜ·еҒҮе®Ўжү№дёүжқЎж ёеҝғжөҒзЁӢпјҢеҮҶеӨҮдёӢе‘ЁиҜҫе Ӯжј”зӨәгҖӮ\",\"taskId\":2,\"taskStatus\":\"0\",\"taskTitle\":\"ж ЎеӣӯеҚҸеҗҢе№іеҸ°еҠҹиғҪжј”зӨәеҪ©жҺ’\",\"updateBy\":\"teacher01\",\"updateTime\":\"2026-04-13 16:37:17\"} ', '{\"msg\":\"ж“ҚдҪңжҲҗеҠҹ\",\"code\":200}', 0, '', NULL, 31);
INSERT INTO `sys_oper_log` VALUES (150, 'д»»еҠЎиҜ„и®ә', 1, 'com.campus.web.controller.task.CampusTaskController.addComment()', 'POST', 1, 'teacher01', 'и®Ўз®—жңәе·ҘзЁӢеӯҰйҷў', '/campus/task/comment', '127.0.0.1', 'еҶ…зҪ‘IP', '{\"commentContent\":\"32131231\",\"commentId\":102,\"commentUserId\":3,\"createBy\":\"teacher01\",\"createTime\":\"2026-04-13 16:51:55\",\"params\":{},\"taskId\":2,\"updateBy\":\"teacher01\",\"updateTime\":\"2026-04-13 16:51:55\"} ', '{\"msg\":\"ж“ҚдҪңжҲҗеҠҹ\",\"code\":200}', 0, '', NULL, 38);
INSERT INTO `sys_oper_log` VALUES (151, 'д»»еҠЎз®ЎзҗҶ', 2, 'com.campus.web.controller.task.CampusTaskController.changeStatus()', 'PUT', 1, 'student01', 'зү©иҒ”зҪ‘е·ҘзЁӢ2432зҸӯ', '/campus/task/status', '127.0.0.1', 'еҶ…зҪ‘IP', '{\"params\":{},\"taskId\":2,\"taskStatus\":\"1\",\"updateBy\":\"student01\",\"updateTime\":\"2026-04-13 16:56:14\"} ', '{\"msg\":\"ж“ҚдҪңжҲҗеҠҹ\",\"code\":200}', 0, '', NULL, 17);
INSERT INTO `sys_oper_log` VALUES (152, 'д»»еҠЎиҜ„и®ә', 1, 'com.campus.web.controller.task.CampusTaskController.addComment()', 'POST', 1, 'student01', 'зү©иҒ”зҪ‘е·ҘзЁӢ2432зҸӯ', '/campus/task/comment', '127.0.0.1', 'еҶ…зҪ‘IP', '{\"commentContent\":\"312312\",\"commentId\":103,\"commentUserId\":2,\"createBy\":\"student01\",\"createTime\":\"2026-04-13 16:56:18\",\"params\":{},\"taskId\":2,\"updateBy\":\"student01\",\"updateTime\":\"2026-04-13 16:56:18\"} ', '{\"msg\":\"ж“ҚдҪңжҲҗеҠҹ\",\"code\":200}', 0, '', NULL, 21);
INSERT INTO `sys_oper_log` VALUES (153, 'иҜ·еҒҮз®ЎзҗҶ', 1, 'com.campus.web.controller.leave.CampusLeaveApplyController.add()', 'POST', 1, 'student01', 'зү©иҒ”зҪ‘е·ҘзЁӢ2432зҸӯ', '/campus/leave', '127.0.0.1', 'еҶ…зҪ‘IP', '{\"applicantUserId\":2,\"createBy\":\"student01\",\"createTime\":\"2026-04-13 16:56:48\",\"endTime\":\"2026-04-14 00:00:00\",\"leaveDays\":1,\"leaveId\":102,\"leaveReason\":\"12312312312312\",\"leaveStatus\":\"0\",\"leaveTitle\":\"321\",\"leaveType\":\"1\",\"params\":{},\"startTime\":\"2026-04-13 16:56:43\",\"updateBy\":\"student01\",\"updateTime\":\"2026-04-13 16:56:48\"} ', '{\"msg\":\"ж“ҚдҪңжҲҗеҠҹ\",\"code\":200}', 0, '', NULL, 21);
INSERT INTO `sys_oper_log` VALUES (154, 'иҜ·еҒҮе®Ўжү№', 2, 'com.campus.web.controller.leave.CampusLeaveApplyController.approve()', 'PUT', 1, 'teacher01', 'и®Ўз®—жңәе·ҘзЁӢеӯҰйҷў', '/campus/leave/approve', '127.0.0.1', 'еҶ…зҪ‘IP', '{\"approverUserId\":3,\"auditRemark\":\"3123123123\",\"leaveId\":102,\"leaveStatus\":\"1\",\"leaveTitle\":\"321\",\"params\":{},\"updateBy\":\"teacher01\",\"updateTime\":\"2026-04-13 16:56:59\"} ', '{\"msg\":\"ж“ҚдҪңжҲҗеҠҹ\",\"code\":200}', 0, '', NULL, 23);
INSERT INTO `sys_oper_log` VALUES (155, 'дёӘдәәдҝЎжҒҜ', 2, 'com.campus.web.controller.system.SysProfileController.updateProfile()', 'PUT', 1, 'student01', 'зү©иҒ”зҪ‘е·ҘзЁӢ2432зҸӯ', '/system/user/profile', '127.0.0.1', 'еҶ…зҪ‘IP', '{\"admin\":false,\"email\":\"student01@stu.hbuas.edu.cn\",\"nickName\":\"еј дёү\",\"params\":{},\"phonenumber\":\"13800138002\",\"sex\":\"0\"} ', '{\"msg\":\"ж“ҚдҪңжҲҗеҠҹ\",\"code\":200}', 0, '', NULL, 23);

-- ----------------------------
-- Table structure for sys_post
-- ----------------------------
DROP TABLE IF EXISTS `sys_post`;
CREATE TABLE `sys_post`  (
  `post_id` bigint NOT NULL AUTO_INCREMENT COMMENT 'еІ—дҪҚID',
  `post_code` varchar(64) CHARACTER SET utf8mb4 COLLATE utf8mb4_0900_ai_ci NOT NULL COMMENT 'еІ—дҪҚзј–з Ғ',
  `post_name` varchar(50) CHARACTER SET utf8mb4 COLLATE utf8mb4_0900_ai_ci NOT NULL COMMENT 'еІ—дҪҚеҗҚз§°',
  `post_sort` int NOT NULL COMMENT 'жҳҫзӨәйЎәеәҸ',
  `status` char(1) CHARACTER SET utf8mb4 COLLATE utf8mb4_0900_ai_ci NOT NULL COMMENT 'зҠ¶жҖҒпјҲ0жӯЈеёё 1еҒңз”Ёпјү',
  `create_by` varchar(64) CHARACTER SET utf8mb4 COLLATE utf8mb4_0900_ai_ci NULL DEFAULT '' COMMENT 'еҲӣе»әиҖ…',
  `create_time` datetime NULL DEFAULT NULL COMMENT 'еҲӣе»әж—¶й—ҙ',
  `update_by` varchar(64) CHARACTER SET utf8mb4 COLLATE utf8mb4_0900_ai_ci NULL DEFAULT '' COMMENT 'жӣҙж–°иҖ…',
  `update_time` datetime NULL DEFAULT NULL COMMENT 'жӣҙж–°ж—¶й—ҙ',
  `remark` varchar(500) CHARACTER SET utf8mb4 COLLATE utf8mb4_0900_ai_ci NULL DEFAULT NULL COMMENT 'еӨҮжіЁ',
  PRIMARY KEY (`post_id`) USING BTREE
) ENGINE = InnoDB AUTO_INCREMENT = 5 CHARACTER SET = utf8mb4 COLLATE = utf8mb4_0900_ai_ci COMMENT = 'еІ—дҪҚдҝЎжҒҜиЎЁ' ROW_FORMAT = DYNAMIC;

-- ----------------------------
-- Records of sys_post
-- ----------------------------
INSERT INTO `sys_post` VALUES (1, 'president', 'ж Ўй•ҝ', 1, '0', 'admin', '2025-12-18 18:03:00', 'admin', '2026-04-12 23:24:47', 'еӯҰж ЎеұӮзә§еІ—дҪҚ');
INSERT INTO `sys_post` VALUES (2, 'dean', 'йҷўй•ҝ', 2, '0', 'admin', '2025-12-18 18:03:00', 'admin', '2026-04-12 23:24:47', 'еӯҰйҷўеұӮзә§еІ—дҪҚ');
INSERT INTO `sys_post` VALUES (3, 'teacher', 'ж•ҷеёҲ', 3, '0', 'admin', '2025-12-18 18:03:00', 'admin', '2026-04-12 23:24:47', 'ж•ҷеёҲдёҡеҠЎеІ—дҪҚ');
INSERT INTO `sys_post` VALUES (4, 'student', 'еӯҰз”ҹ', 4, '0', 'admin', '2025-12-18 18:03:00', 'admin', '2026-04-12 23:24:47', 'еӯҰз”ҹй»ҳи®ӨеІ—дҪҚ');

-- ----------------------------
-- Table structure for sys_role
-- ----------------------------
DROP TABLE IF EXISTS `sys_role`;
CREATE TABLE `sys_role`  (
  `role_id` bigint NOT NULL AUTO_INCREMENT COMMENT 'и§’иүІID',
  `role_name` varchar(30) CHARACTER SET utf8mb4 COLLATE utf8mb4_0900_ai_ci NOT NULL COMMENT 'и§’иүІеҗҚз§°',
  `role_key` varchar(100) CHARACTER SET utf8mb4 COLLATE utf8mb4_0900_ai_ci NOT NULL COMMENT 'и§’иүІжқғйҷҗеӯ—з¬ҰдёІ',
  `role_sort` int NOT NULL COMMENT 'жҳҫзӨәйЎәеәҸ',
  `data_scope` char(1) CHARACTER SET utf8mb4 COLLATE utf8mb4_0900_ai_ci NULL DEFAULT '1' COMMENT 'ж•°жҚ®иҢғеӣҙпјҲ1пјҡе…ЁйғЁж•°жҚ®жқғйҷҗ 2пјҡиҮӘе®ҡж•°жҚ®жқғйҷҗ 3пјҡжң¬йғЁй—Ёж•°жҚ®жқғйҷҗ 4пјҡжң¬йғЁй—ЁеҸҠд»ҘдёӢж•°жҚ®жқғйҷҗпјү',
  `menu_check_strictly` tinyint(1) NULL DEFAULT 1 COMMENT 'иҸңеҚ•ж ‘йҖүжӢ©йЎ№жҳҜеҗҰе…іиҒ”жҳҫзӨә',
  `dept_check_strictly` tinyint(1) NULL DEFAULT 1 COMMENT 'йғЁй—Ёж ‘йҖүжӢ©йЎ№жҳҜеҗҰе…іиҒ”жҳҫзӨә',
  `status` char(1) CHARACTER SET utf8mb4 COLLATE utf8mb4_0900_ai_ci NOT NULL COMMENT 'и§’иүІзҠ¶жҖҒпјҲ0жӯЈеёё 1еҒңз”Ёпјү',
  `del_flag` char(1) CHARACTER SET utf8mb4 COLLATE utf8mb4_0900_ai_ci NULL DEFAULT '0' COMMENT 'еҲ йҷӨж Үеҝ—пјҲ0д»ЈиЎЁеӯҳеңЁ 2д»ЈиЎЁеҲ йҷӨпјү',
  `create_by` varchar(64) CHARACTER SET utf8mb4 COLLATE utf8mb4_0900_ai_ci NULL DEFAULT '' COMMENT 'еҲӣе»әиҖ…',
  `create_time` datetime NULL DEFAULT NULL COMMENT 'еҲӣе»әж—¶й—ҙ',
  `update_by` varchar(64) CHARACTER SET utf8mb4 COLLATE utf8mb4_0900_ai_ci NULL DEFAULT '' COMMENT 'жӣҙж–°иҖ…',
  `update_time` datetime NULL DEFAULT NULL COMMENT 'жӣҙж–°ж—¶й—ҙ',
  `remark` varchar(500) CHARACTER SET utf8mb4 COLLATE utf8mb4_0900_ai_ci NULL DEFAULT NULL COMMENT 'еӨҮжіЁ',
  PRIMARY KEY (`role_id`) USING BTREE
) ENGINE = InnoDB AUTO_INCREMENT = 101 CHARACTER SET = utf8mb4 COLLATE = utf8mb4_0900_ai_ci COMMENT = 'и§’иүІдҝЎжҒҜиЎЁ' ROW_FORMAT = DYNAMIC;

-- ----------------------------
-- Records of sys_role
-- ----------------------------
INSERT INTO `sys_role` VALUES (1, 'и¶…зә§з®ЎзҗҶе‘ҳ', 'admin', 1, '1', 1, 1, '0', '0', 'admin', '2025-12-18 18:03:00', '', NULL, 'и¶…зә§з®ЎзҗҶе‘ҳ');
INSERT INTO `sys_role` VALUES (2, 'еӯҰз”ҹ', 'student', 2, '5', 1, 1, '0', '0', 'admin', '2025-12-18 18:03:00', 'admin', '2026-04-13 15:34:25', 'еӯҰз”ҹй»ҳи®ӨжіЁеҶҢи§’иүІ');
INSERT INTO `sys_role` VALUES (3, 'ж•ҷеёҲ', 'teacher', 3, '4', 1, 1, '0', '0', 'admin', '2026-04-12 23:24:47', 'admin', '2026-04-12 23:24:47', 'ж•ҷеёҲдёҡеҠЎи§’иүІ');
INSERT INTO `sys_role` VALUES (100, 'еҺҶеҸІжөӢиҜ•и§’иүІ', 'legacy_test', 3, '1', 1, 1, '1', '2', 'admin', '2026-01-14 14:27:08', 'admin', '2026-04-12 23:24:47', 'дҝқз•ҷеҺҶеҸІжөӢиҜ•ж•°жҚ®пјҢйҒҝе…ҚеҪұе“ҚдёҡеҠЎи§’иүІзј–еҸ·');

-- ----------------------------
-- Table structure for sys_role_dept
-- ----------------------------
DROP TABLE IF EXISTS `sys_role_dept`;
CREATE TABLE `sys_role_dept`  (
  `role_id` bigint NOT NULL COMMENT 'и§’иүІID',
  `dept_id` bigint NOT NULL COMMENT 'йғЁй—ЁID',
  PRIMARY KEY (`role_id`, `dept_id`) USING BTREE
) ENGINE = InnoDB CHARACTER SET = utf8mb4 COLLATE = utf8mb4_0900_ai_ci COMMENT = 'и§’иүІе’ҢйғЁй—Ёе…іиҒ”иЎЁ' ROW_FORMAT = DYNAMIC;

-- ----------------------------
-- Records of sys_role_dept
-- ----------------------------
INSERT INTO `sys_role_dept` VALUES (3, 101);

-- ----------------------------
-- Table structure for sys_role_menu
-- ----------------------------
DROP TABLE IF EXISTS `sys_role_menu`;
CREATE TABLE `sys_role_menu`  (
  `role_id` bigint NOT NULL COMMENT 'и§’иүІID',
  `menu_id` bigint NOT NULL COMMENT 'иҸңеҚ•ID',
  PRIMARY KEY (`role_id`, `menu_id`) USING BTREE
) ENGINE = InnoDB CHARACTER SET = utf8mb4 COLLATE = utf8mb4_0900_ai_ci COMMENT = 'и§’иүІе’ҢиҸңеҚ•е…іиҒ”иЎЁ' ROW_FORMAT = DYNAMIC;

-- ----------------------------
-- Records of sys_role_menu
-- ----------------------------
INSERT INTO `sys_role_menu` VALUES (1, 2000);
INSERT INTO `sys_role_menu` VALUES (1, 2001);
INSERT INTO `sys_role_menu` VALUES (1, 2010);
INSERT INTO `sys_role_menu` VALUES (1, 2011);
INSERT INTO `sys_role_menu` VALUES (1, 2012);
INSERT INTO `sys_role_menu` VALUES (1, 2013);
INSERT INTO `sys_role_menu` VALUES (1, 2014);
INSERT INTO `sys_role_menu` VALUES (1, 2101);
INSERT INTO `sys_role_menu` VALUES (1, 2110);
INSERT INTO `sys_role_menu` VALUES (1, 2111);
INSERT INTO `sys_role_menu` VALUES (1, 2112);
INSERT INTO `sys_role_menu` VALUES (1, 2113);
INSERT INTO `sys_role_menu` VALUES (1, 2114);
INSERT INTO `sys_role_menu` VALUES (1, 2201);
INSERT INTO `sys_role_menu` VALUES (1, 2210);
INSERT INTO `sys_role_menu` VALUES (1, 2211);
INSERT INTO `sys_role_menu` VALUES (1, 2212);
INSERT INTO `sys_role_menu` VALUES (1, 2213);
INSERT INTO `sys_role_menu` VALUES (1, 2214);
INSERT INTO `sys_role_menu` VALUES (1, 2215);
INSERT INTO `sys_role_menu` VALUES (2, 1);
INSERT INTO `sys_role_menu` VALUES (2, 107);
INSERT INTO `sys_role_menu` VALUES (2, 1035);
INSERT INTO `sys_role_menu` VALUES (2, 2000);
INSERT INTO `sys_role_menu` VALUES (2, 2001);
INSERT INTO `sys_role_menu` VALUES (2, 2010);
INSERT INTO `sys_role_menu` VALUES (2, 2012);
INSERT INTO `sys_role_menu` VALUES (2, 2101);
INSERT INTO `sys_role_menu` VALUES (2, 2110);
INSERT INTO `sys_role_menu` VALUES (2, 2111);
INSERT INTO `sys_role_menu` VALUES (2, 2201);
INSERT INTO `sys_role_menu` VALUES (2, 2210);
INSERT INTO `sys_role_menu` VALUES (2, 2211);
INSERT INTO `sys_role_menu` VALUES (2, 2212);
INSERT INTO `sys_role_menu` VALUES (3, 100);
INSERT INTO `sys_role_menu` VALUES (3, 2000);
INSERT INTO `sys_role_menu` VALUES (3, 2001);
INSERT INTO `sys_role_menu` VALUES (3, 2010);
INSERT INTO `sys_role_menu` VALUES (3, 2011);
INSERT INTO `sys_role_menu` VALUES (3, 2012);
INSERT INTO `sys_role_menu` VALUES (3, 2101);
INSERT INTO `sys_role_menu` VALUES (3, 2110);
INSERT INTO `sys_role_menu` VALUES (3, 2111);
INSERT INTO `sys_role_menu` VALUES (3, 2112);
INSERT INTO `sys_role_menu` VALUES (3, 2201);
INSERT INTO `sys_role_menu` VALUES (3, 2210);
INSERT INTO `sys_role_menu` VALUES (3, 2215);

-- ----------------------------
-- Table structure for sys_user
-- ----------------------------
DROP TABLE IF EXISTS `sys_user`;
CREATE TABLE `sys_user`  (
  `user_id` bigint NOT NULL AUTO_INCREMENT COMMENT 'з”ЁжҲ·ID',
  `dept_id` bigint NULL DEFAULT NULL COMMENT 'йғЁй—ЁID',
  `user_name` varchar(30) CHARACTER SET utf8mb4 COLLATE utf8mb4_0900_ai_ci NOT NULL COMMENT 'з”ЁжҲ·иҙҰеҸ·',
  `nick_name` varchar(30) CHARACTER SET utf8mb4 COLLATE utf8mb4_0900_ai_ci NOT NULL COMMENT 'з”ЁжҲ·жҳөз§°',
  `user_type` varchar(2) CHARACTER SET utf8mb4 COLLATE utf8mb4_0900_ai_ci NULL DEFAULT '00' COMMENT 'з”ЁжҲ·зұ»еһӢпјҲ00зі»з»ҹз”ЁжҲ·пјү',
  `email` varchar(50) CHARACTER SET utf8mb4 COLLATE utf8mb4_0900_ai_ci NULL DEFAULT '' COMMENT 'з”ЁжҲ·йӮ®з®ұ',
  `phonenumber` varchar(11) CHARACTER SET utf8mb4 COLLATE utf8mb4_0900_ai_ci NULL DEFAULT '' COMMENT 'жүӢжңәеҸ·з Ғ',
  `sex` char(1) CHARACTER SET utf8mb4 COLLATE utf8mb4_0900_ai_ci NULL DEFAULT '0' COMMENT 'з”ЁжҲ·жҖ§еҲ«пјҲ0з”· 1еҘі 2жңӘзҹҘпјү',
  `avatar` varchar(100) CHARACTER SET utf8mb4 COLLATE utf8mb4_0900_ai_ci NULL DEFAULT '' COMMENT 'еӨҙеғҸең°еқҖ',
  `password` varchar(100) CHARACTER SET utf8mb4 COLLATE utf8mb4_0900_ai_ci NULL DEFAULT '' COMMENT 'еҜҶз Ғ',
  `status` char(1) CHARACTER SET utf8mb4 COLLATE utf8mb4_0900_ai_ci NULL DEFAULT '0' COMMENT 'иҙҰеҸ·зҠ¶жҖҒпјҲ0жӯЈеёё 1еҒңз”Ёпјү',
  `del_flag` char(1) CHARACTER SET utf8mb4 COLLATE utf8mb4_0900_ai_ci NULL DEFAULT '0' COMMENT 'еҲ йҷӨж Үеҝ—пјҲ0д»ЈиЎЁеӯҳеңЁ 2д»ЈиЎЁеҲ йҷӨпјү',
  `login_ip` varchar(128) CHARACTER SET utf8mb4 COLLATE utf8mb4_0900_ai_ci NULL DEFAULT '' COMMENT 'жңҖеҗҺзҷ»еҪ•IP',
  `login_date` datetime NULL DEFAULT NULL COMMENT 'жңҖеҗҺзҷ»еҪ•ж—¶й—ҙ',
  `pwd_update_date` datetime NULL DEFAULT NULL COMMENT 'еҜҶз ҒжңҖеҗҺжӣҙж–°ж—¶й—ҙ',
  `create_by` varchar(64) CHARACTER SET utf8mb4 COLLATE utf8mb4_0900_ai_ci NULL DEFAULT '' COMMENT 'еҲӣе»әиҖ…',
  `create_time` datetime NULL DEFAULT NULL COMMENT 'еҲӣе»әж—¶й—ҙ',
  `update_by` varchar(64) CHARACTER SET utf8mb4 COLLATE utf8mb4_0900_ai_ci NULL DEFAULT '' COMMENT 'жӣҙж–°иҖ…',
  `update_time` datetime NULL DEFAULT NULL COMMENT 'жӣҙж–°ж—¶й—ҙ',
  `remark` varchar(500) CHARACTER SET utf8mb4 COLLATE utf8mb4_0900_ai_ci NULL DEFAULT NULL COMMENT 'еӨҮжіЁ',
  PRIMARY KEY (`user_id`) USING BTREE
) ENGINE = InnoDB AUTO_INCREMENT = 102 CHARACTER SET = utf8mb4 COLLATE = utf8mb4_0900_ai_ci COMMENT = 'з”ЁжҲ·дҝЎжҒҜиЎЁ' ROW_FORMAT = DYNAMIC;

-- ----------------------------
-- Records of sys_user
-- ----------------------------
INSERT INTO `sys_user` VALUES (1, 106, 'admin', 'ж Ўеӣӯз®ЎзҗҶе‘ҳ', '00', 'admin@hbuas.edu.cn', '13800138001', '2', '', '$2a$10$7JB720yubVSZvUI0rEqK/.VqGOZTH.ulu33dHOiBE8ByOhJIrdAu2', '0', '0', '127.0.0.1', '2026-04-13 16:36:46', '2025-12-18 18:02:59', 'admin', '2025-12-18 18:02:59', 'admin', '2026-04-12 23:24:47', 'е№іеҸ°и¶…зә§з®ЎзҗҶе‘ҳиҙҰеҸ·');
INSERT INTO `sys_user` VALUES (2, 103, 'student01', 'еј дёү', '00', 'student01@stu.hbuas.edu.cn', '13800138002', '0', '', '$2a$10$7JB720yubVSZvUI0rEqK/.VqGOZTH.ulu33dHOiBE8ByOhJIrdAu2', '0', '0', '127.0.0.1', '2026-04-13 16:30:26', '2026-04-12 23:24:47', 'admin', '2025-12-18 18:02:59', 'admin', '2026-04-13 16:57:32', 'еӯҰз”ҹжөӢиҜ•иҙҰеҸ·');
INSERT INTO `sys_user` VALUES (3, 101, 'teacher01', 'жқҺеӣӣ', '00', 'teacher01@hbuas.edu.cn', '13800138003', '0', '', '$2a$10$7JB720yubVSZvUI0rEqK/.VqGOZTH.ulu33dHOiBE8ByOhJIrdAu2', '0', '0', '127.0.0.1', '2026-04-13 16:43:28', '2026-04-12 23:24:47', 'admin', '2026-04-12 23:24:47', 'admin', '2026-04-12 23:24:47', 'ж•ҷеёҲжөӢиҜ•иҙҰеҸ·');
INSERT INTO `sys_user` VALUES (100, 103, 'ceshi', 'ceshi', '00', '', '', '0', '', '$2a$10$FRGDYzmy3/H7FqZ.R4TAXOPbF8FJ4hPOEx0xPmDG39K2RjOACpaye', '1', '2', '', NULL, '2026-01-14 14:26:00', 'admin', '2026-01-14 14:25:37', 'admin', '2026-04-12 23:24:47', 'еҺҶеҸІжөӢиҜ•иҙҰеҸ·еҒңз”Ё');

-- ----------------------------
-- Table structure for sys_user_post
-- ----------------------------
DROP TABLE IF EXISTS `sys_user_post`;
CREATE TABLE `sys_user_post`  (
  `user_id` bigint NOT NULL COMMENT 'з”ЁжҲ·ID',
  `post_id` bigint NOT NULL COMMENT 'еІ—дҪҚID',
  PRIMARY KEY (`user_id`, `post_id`) USING BTREE
) ENGINE = InnoDB CHARACTER SET = utf8mb4 COLLATE = utf8mb4_0900_ai_ci COMMENT = 'з”ЁжҲ·дёҺеІ—дҪҚе…іиҒ”иЎЁ' ROW_FORMAT = DYNAMIC;

-- ----------------------------
-- Records of sys_user_post
-- ----------------------------
INSERT INTO `sys_user_post` VALUES (1, 1);
INSERT INTO `sys_user_post` VALUES (2, 4);
INSERT INTO `sys_user_post` VALUES (3, 3);

-- ----------------------------
-- Table structure for sys_user_role
-- ----------------------------
DROP TABLE IF EXISTS `sys_user_role`;
CREATE TABLE `sys_user_role`  (
  `user_id` bigint NOT NULL COMMENT 'з”ЁжҲ·ID',
  `role_id` bigint NOT NULL COMMENT 'и§’иүІID',
  PRIMARY KEY (`user_id`, `role_id`) USING BTREE
) ENGINE = InnoDB CHARACTER SET = utf8mb4 COLLATE = utf8mb4_0900_ai_ci COMMENT = 'з”ЁжҲ·е’Ңи§’иүІе…іиҒ”иЎЁ' ROW_FORMAT = DYNAMIC;

-- ----------------------------
-- Records of sys_user_role
-- ----------------------------
INSERT INTO `sys_user_role` VALUES (1, 1);
INSERT INTO `sys_user_role` VALUES (2, 2);
INSERT INTO `sys_user_role` VALUES (3, 3);

SET FOREIGN_KEY_CHECKS = 1;
